,,Compound,,,,,,,,,,,Accesories,,,,,,,,,,,,,,,,,,
Date and Set #,Weight,Squat,Shoulder Press,Deadlift,Rack Pull,Bench,Incline Bench,close grip bench,Barbell Row,front squat,Dumbell Flys,Dumbbell Incline Press,Regular/Preacher Curl,hammer curl,Wall/Standing Curl,Forearm Curl,Pullups,Chinups,Dips,Angled Situps,Angled Weighted Situps,Sitting Row,dumbbell lateral raises,cable lateral raise,climbing,"single leg squat (Smith, each side)",lat pulldown,tricep pushdown,Shoulder Shrugs,leg press,rack pulls
3/2/2022,140.1,,,,,,,,,,,,,,,,,,,,,,,,,,,,,,
1,,,,95x20,,95x20,,,,,,,,,,,,,,,,,,,,,,,,,
2,,,,135x15,,115x10,,,,,,,,,,,,,,,,,,,,,,,,,
3,,,,185x7,,135x7,,,,,,,,,,,,,,,,,,,,,,,,,
4,,,,225x5,,145x2,,,,,,,,,,,,,,,,,,,,,,,,,
5,,,,225x5,,95x15,,,,,,,,,,,,,,,,,,,,,,,,,
,,,,,,,,,,,,,,,,,,,,,,,,,,,,,,,
3/4/2022,140.0,,,,,,,,,,,,,,,,,,,,,,,,,,,,,,
1,,95x20,45x20,,,,,,,,,,,,,,,,,,,,,,,,,,,,
2,,135x10,55x15,,,,,,,,,,,,,,,,,,,,,,,,,,,,
3,,185x5,65x7,,,,,,,,,,,,,,,,,,,,,,,,,,,,
4,,195x5,75x5,,,,,,,,,,,,,,,,,,,,,,,,,,,,
5,,205x3,85x3,,,,,,,,,,,,,,,,,,,,,,,,,,,,
super,,135x10,,,,,,,,,,,,,,,,,,,,,,,,,,,,,
,,,,,,,,,,,,,,,,,,,,,,,,,,,,,,,
3/7/2022,140.1,,,,,,,,,,,,,,,,,,,,,,,,,,,,,,
1,,,,95x0,,95x15,,,,,,,,,,,,,,,,,,,,,,,,,
2,,,,135x20,,115x7,,,,,,,,,,,,,,,,,,,,,,,,,
3,,,,185x10,,135x2,,,,,,,,,,,,,,,,,,,,,,,,,
4,,,,225x7,,145x0,,,,,,,,,,,,,,,,,,,,,,,,,
5,,,,245x2,,145x0,,,,,,,,,,,,,,,,,,,,,,,,,
super,,,,,,95x15,,,,,,,,,,,,,,,,,,,,,,,,,
,,,,,,,,,,,,,,,,,,,,,,,,,,,,,,,
3/9/2022,140.2,,,,,,,,,,,,,,,,,,,,,,,,,,,,,,
1,,95x0,45x20,,,,,,,,,,,,,,,,,,,,,,,,,,,,
2,,135x15,55x0,,,,,,,,,,,,,,,,,,,,,,,,,,,,
3,,185x7,65x8,,,,,,,,,,,,,,,,,,,,,,,,,,,,
4,,205x4,75x6,,,,,,,,,,,,,,,,,,,,,,,,,,,,
5,,205x3,85x4,,,,,,,,,,,,,,,,,,,,,,,,,,,,
super,,135x10,,,,,,,,,,,,,,,,,,,,,,,,,,,,,
,,,,,,,,,,,,,,,,,,,,,,,,,,,,,,,
3/11/2022,140.5,,,,,,,,,,,,,,,,,,,,,,,,,,,,,,
1,,,,,,95x15,,,,,,,30x20,,,,5,5,,,,,,,,,,,,,
2,,,,,,115x10,,,,,,,40x15,,,,6,6,,,,,,,,,,,,,
3,,,,,,135x3,,,,,,,50x10,,,,7,7,,,,,,,,,,,,,
4,,,,,,145x1,,,,,,,60x5,,,,5,8,,,,,,,,,,,,,
5,,,,,,135x2,,,,,,,60x5,,,,9,9,,,,,,,,,,,,,
super,,,,,,95x15,,,,,,,30x10,,,,,,,,,,,,,,,,,,
,,,,,,,,,,,,,,,,,,,,,,,,,,,,,,,
3/15/2022,140.9,,,,,,,,,,,,,,,,,,,,,,,,,,,,,,
1,,95x0,,,,95x20,,,,,,,40x15,,,,,,,30,,,,,,,,,,,
2,,135x15,,,,115x12,,,,,,,50x10,,,,,,,30,,,,,,,,,,,
3,,185x7,,,,135x4,,,,,,,60x10,,,,,,,30,,,,,,,,,,,
4,,205x4,,,,145x3,,,,,,,70x8,,,,,,,,,,,,,,,,,,
5,,205x3,,,,135x6,,,,,,,80x5,,,,,,,,,,,,,,,,,,
super,,135x10,,,,95x14,,,,,,,50x10,,,,,,,,,,,,,,,,,,
,,,,,,,,,,,,,,,,,,,,,,,,,,,,,,,
3/17/2022,141.1,,,,,,,,,,,,,,,,,,,,,,,,,,,,,,
1,,,45x20,135x20,,,,,,,,,40x15,,,,,,,,,,,,,,,,,,
2,,,55x12,185x10,,,,,,,,,50x10,,,,,,,,,,,,,,,,,,
3,,,65x7,235x4,,,,,,,,,60x10,,,,,,,,,,,,,,,,,,
4,,,75x5,245x3,,,,,,,,,70x10,,,,,,,,,,,,,,,,,,
5,,,85x3,245x2,,,,,,,,,80x7,,,,,,,,,,,,,,,,,,
super,,,,,,,,,,,,,50x0,,,,,,,,,,,,,,,,,,
,,,,,,,,,,,,,,,,,,,,,,,,,,,,,,,
3/23/2022,141.3,,,,,,,,,,,,,,,,,,,,,,,,,,,,,,
1,,95x0,,,,95x20,,,,,,,,,,,,,,,,,,,,,,,,,
2,,135x20,,,,115x12,,,,,,,,,,,,,,,,,,,,,,,,,
3,,185x10,,,,135x6,,,,,,,,,,,,,,,,,,,,,,,,,
4,,205x5,,,,145x4,,,,,,,,,,,,,,,,,,,,,,,,,
5,,205x4,,,,135x6,,,,,,,,,,,,,,,,,,,,,,,,,
super,,135x7,,,,95x15,,,,,,,,,,,,,,,,,,,,,,,,,
,,,,,,,,,,,,,,,,,,,,,,,,,,,,,,,
3/25/2022,141.4,,,,,,,,,,,,,,,,,,,,,,,,,,,,,,
1,,,45x20,135x20,,,,,,,,,50x15,,,,,,,,,,,,,,,,,,
2,,,55x12,185x10,,,,,,,,,60x10,,,,,,,,,,,,,,,,,,
3,,,65x7,235x6,,,,,,,,,70x10,,,,,,,,,,,,,,,,,,
4,,,75x5,245x4,,,,,,,,,80x7,,,,,,,,,,,,,,,,,,
5,,,85x3,245x4,,,,,,,,,90x4,,,,,,,,,,,,,,,,,,
super,,,55x7,,,,,,,,,,50x0,,,,,,,,,,,,,,,,,,
,,,,,,,,,,,,,,,,,,,,,,,,,,,,,,,
3/28/2022,141.4,,,,,,,,,,,,,,,,,,,,,,,,,,,,,,
1,,135x20,,,,95x20,,,,,,,,,,,,,15,,,,,,,,,,,,
2,,185x8,,,,115x7,,,,,,,,,,,,,15,,,,,,,,,,,,
3,,205x5,,,,135x6,,,,,,,,,,,,,15,,,,,,,,,,,,
4,,205x5,,,,145x4,,,,,,,,,,,,,10,,,,,,,,,,,,
5,,215x2,,,,135x6,,,,,,,,,,,,,0,,,,,,,,,,,,
super,,,,,,95x15,,,,,,,,,,,,,0,,,,,,,,,,,,
,,,,,,,,,,,,,,,,,,,,,,,,,,,,,,,
4/6/2022,142.0,,,,,,,,,,,,,,,,,,,,,,,,,,,,,,
1,,135x20,,,,95x20,,,,,,,,,,,,,11,35,,,,,,,,,,,
2,,185x8,,,,115x7,,,,,,,,,,,,,12,35,,,,,,,,,,,
3,,205x5,,,,135x5,,,,,,,,,,,,,13,20,,,,,,,,,,,
4,,205x2,,,,135x5,,,,,,,,,,,,,14,,,,,,,,,,,,
5,,215x2,,,,135x5,,,,,,,,,,,,,15,,,,,,,,,,,,
super,,,,,,95x15,,,,,,,,,,,,,0,,,,,,,,,,,,
,,,,,,,,,,,,,,,,,,,,,,,,,,,,,,,
4/8/2022,142.2,,,,,,,,,,,,,,,,,,,,,,,,,,,,,,
1,,,45x20,135x20,,,,,,,,,50x15,,,,,,,,,,,,,,,,,,
2,,,65x8,185x10,,,,,,,,,70x10,,,,,  ,,,,,,,,,,,,,
3,,,85x5,235x6,,,,,,,,,80x7,,,,,,,,,,,,,,,,,,
4,,,95x2,245x4,,,,,,,,,90x5,,,,,,,,,,,,,,,,,,
5,,,75x7,255x2,,,,,,,,,100x3,,,,,,,,,,,,,,,,,,
super,,,55x7,,,,,,,,,,50x0,,,,,,,,,,,,,,,,,,
,,,,,,,,,,,,,,,,,,,,,,,,,,,,,,,
4/11/2022,142.3,,,,,,,,,,,,,,,,,,,,,,,,,,,,,,
1,,135x12,,,,95x15,,,,,,,,,,,,,,,,,,,,,,,,,
2,,185x8,,,,115x7,,,,,,,,,,,,,,,,,,,,,,,,,
3,,205x5,,,,135x5,,,,,,,,,,,,,,,,,,,,,,,,,
4,,215x2,,,,145x3,,,,,,,,,,,,,,,,,,,,,,,,,
5,,225x2,,,,150x1,,,,,,,,,,,,,,,,,,,,,,,,,
super,,,,,,,,,,,,,,,,,,,, ,,,,,,,,,,,
,,,,,,,,,,,,,,,,,,,,,,,,,,,,,,,
4/13/2022,142.4,,,,,,,,,,,,,,,,,,,,,,,,,,,,,,
1,,,45x20,135x12,,,,,,,,,,,,,,,,,,,,,,,,,,,
2,,,65x8,185x10,,,,,,,,,,,,,,,,,,,,,,,,,,,
3,,,85x5,235x6,,,,,,,,,,,,,,,,,,,,,,,,,,,
4,,,95x1,255x3,,,,,,,,,,,,,,,,,,,,,,,,,,,
5,,,85x4,255x2,,,,,,,,,,,,,,,,,,,,,,,,,,,
super,,,55x7,,,,,,,,,,,,,,,,,,,,,,,,,,,,
,,,,,,,,,,,,,,,,,,,,,,,,,,,,,,,
4/16/2022,142.8,,,,,,,,,,,,,,,,,,,,,,,,,,,,,,
1,,135x12,,,,95x15,,,,,,,50x15,,,,,,,,,,,,,,,,,,
2,,185x8,,,,115x10,,,,,,,70x10,,,,,,,,,,,,,,,,,,
3,,205x5,,,,135x7,,,,,,,80x7,,,,,,,,,,,,,,,,,,
4,,215x2,,,,145x5,,,,,,,90x5,,,,,,,,,,,,,,,,,,
5,,235x2,,,,150x3,,,,,,,100x3,,,,,,,,,,,,,,,,,,
super,,,,,,,,,,,,,50x0,,,,,,,,,,,,,,,,,,
,,,,,,,,,,,,,,,,,,,,,,,,,,,,,,,
4/18/2022,143,,,,,,,,,,,,,,,,,,,,,,,,,,,,,,
1,,,45x20,,,,,,,,,,,,,,,,16,,,,,,,,,,,,
2,,,65x8,,,,,,,,,,,,,,,,15,,,,,,,,,,,,
3,,,85x5,,,,,,,,,,,,,,,,13,,,,,,,,,,,,
4,,,95x2,,,,,,,,,,,,,,,,0,,,,,,,,,,,,
5,,,85x5,,,,,,,,,,,,,,,,12,,,,,,,,,,,,
super,,,,,,,,,,,,,,,,,,,0,,,,,,,,,,,,
,,,,,,,,,,,,,,,,,,,,,,,,,,,,,,,
4/20/2022,143.0,,,,,,,,,,,,,,,,,,,,,,,,,,,,,,
1,,,,135x12,,95x15,,,,,,,,,,,,,,30,,,,,,,,,,,
2,,,,185x10,,115x10,,,,,,,,,,,,,,30,,,,,,,,,,,
3,,,,235x8,,135x7,,,,,,,,,,,,,,0,,,,,,,,,,,
4,,,,255x4,,145x5,,,,,,,,,,,,,,,,,,,,,,,,,
5,,,,265x4,,150x3,,,,,,,,,,,,,,,,,,,,,,,,,
super,,,,,,,,,,,,,,,,,,,,,,,,,,,,,,,
,,,,,,,,,,,,,,,,,,,,,,,,,,,,,,,
4/22/2022,143.3,,,,,,,,,,,,,,,,,,,,,,,,,,,,,,
1,,135x10,,,,95x15,,,,,,,50x15,,,,,,,,,,,,,,,,,,
2,,185x8,,,,115x10,,,,,,,70x10,,,,,,,,,,,,,,,,,,
3,,205x5,,,,135x7,,,,,,,80x7,,,,,,,,,,,,,,,,,,
4,,215x2,,,,145x5,,,,,,,90x5,,,,,,,,,,,,,,,,,,
5,,235x2,,,,150x3,,,,,,,100x3,,,,,,,,,,,,,,,,,,
super,,,,,,,,,,,,,,,,,,,,,,,,,,,,,,,
,,,,,,,,,,,,,,,,,,,,,,,,,,,,,,,
4/27/2022,143.8,,,,,,,,,,,,,,,,,,,,,,,,,,,,,,
1,,135x10,45x20,,,,,,,,,,45x8,,45x8,,,,10,,,,,,,,,,,,
2,,185x8,65x8,,,,,,,,,,45x8,,45x8,,,,10,,,,,,,,,,,,
3,,205x5,85x6,,,,,,,,,,45x8,,45x8,,,,10,,,,,,,,,,,,
4,,215x3 ,95x2,,,,,,,,,,,,,,,,10,,,,,,,,,,,,
5,,235x2,85x5,,,,,,,,,,,,,,,,,,,,,,,,,,,,
super,,,,,,,,,,,,,,,,,,,,,,,,,,,,,,,
,,,,,,,,,,,,,,,,,,,,,,,,,,,,,,,
4/29/2022,143.8,,,,,,,,,,,,,,,,,,,,,,,,,,,,,,
1,,,45x20,,,,,,,,,,45x8,,45x8,,,,10,,,,,,,,,,,,
2,,,65x8,,,,,,,,,,45x8,,45x8,,,,10,,,,,,,,,,,,
3,,,85x6,,,,,,,,,,45x8,,45x8,,,,10,,,,,,,,,,,,
4,,,95x2,,,,,,,,,,,,,,,,10,,,,,,,,,,,,
5,,,85x6,,,,,,,,,,,,,,,,,,,,,,,,,,,,
super,,,,,,,,,,,,,,,,,,,,,,,,,,,,,,,
,,,,,,,,,,,,,,,,,,,,,,,,,,,,,,,
5/1/2022,144.1,,,,,,,,,,,,,,,,,,,,,,,,,,,,,,
1,,,,135x12,,95x15,,,,,,,,,,,,,,30,,,,,,,,,,,
2,,,,185x10,,115x10,,,,,,,,,,,,,,30,,,,,,,,,,,
3,,,,235x8,,135x7,,,,,,,,,,,,,,30,,,,,,,,,,,
4,,,,265x4,,145x5,,,,,,,,,,,,,,,,,,,,,,,,,
5,,,,275x2,,155x2,,,,,,,,,,,,,,,,,,,,,,,,,
super,,,,,,,,,,,,,,,,,,,,,,,,,,,,,,,
,,,,,,,,,,,,,,,,,,,,,,,,,,,,,,,
5/4/2022,144.4,,,,,,,,,,,,,,,,,,,,,,,,,,,,,,
1,,135x10,,,,,,,,,,,45x8,,45x8,,,,10,,,,,,,,,,,,
2,,185x10,,,,,,,,,,,45x8,,45x8,,,,10,,,,,,,,,,,,
3,,225x4,,,,,,,,,,,45x8,,45x8,,,,10,,,,,,,,,,,,
4,,225x4,,,,,,,,,,,,,,,,,10,,,,,,,,,,,,
5,,225x4,,,,,,,,,,,,,,,,,,,,,,,,,,,,,
super,,,,,,,,,,,,,,,,,,,,,,,,,,,,,,,
,,,,,,,,,,,,,,,,,,,,,,,,,,,,,,,
5/7/2022,144.6,,,,,,,,,,,,,,,,,,,,,,,,,,,,,,
1,,,,135x12,,95x15,,,,,,,50x15,,,,,,,,,,,,,,,,,,
2,,,,225x10,,115x10,,,,,,,70x10,,,,,,,,,,,,,,,,,,
3,,,,255x8,,135x7,,,,,,,80x7,,,,,,,,,,,,,,,,,,
4,,,,275x2,,145x5,,,,,,,90x5,,,,,,,,,,,,,,,,,,
5,,,,275x2,,135x8,,,,,,,100x3,,,,,,,,,,,,,,,,,,
super,,,,,,,,,,,,,,,,,,,,,,,,,,,,,,,
,,,,,,,,,,,,,,,,,,,,,,,,,,,,,,,
5/10/2022,144.7,,,,,,,,,,,,,,,,,,,,,,,,,,,,,,
1,,135x10,45x20,,,,,,,,,,,,,,6,,10,,,,,,,,,,,,
2,,185x10,65x8,,,,,,,,,,,,,,6,,10,,,,,,,,,,,,
3,,205x6,85x6,,,,,,,,,,,,,,,,10,,,,,,,,,,,,
4,,205x4,95x2,,,,,,,,,,,,,,,,,,,,,,,,,,,,
5,,205x5,100x2,,,,,,,,,,,,,,,,,,,,,,,,,,,,
super,,,,,,,,,,,,,,,,,,,,,,,,,,,,,,,
,,,,,,,,,,,,,,,,,,,,,,,,,,,,,,,
5/12/2022,145,,,,,,,,,,,,,,,,,,,,,,,,,,,,,,
1,,,,,,95x15,,,,,,,55x6,,55x6,,,,12,,,,,,,,,,,,
2,,,,,,115x10,,,,,,,55x6,,55x6,,,,12,,,,,,,,,,,,
3,,,,,,135x8,,,,,,,55x6,,55x6,,,,12,,,,,,,,,,,,
4,,,,,,135x8,,,,,,,,,,,,,12,,,,,,,,,,,,
5,,,,,,135x8,,,,,,,,,,,,,,,,,,,,,,,,,
super,,,,,,,,,,,,,,,,,,,,,,,,,,,,,,,
,,,,,,,,,,,,,,,,,,,,,,,,,,,,,,,
5/15/2022,145.2,,,,,,,,,,,,,,,,,,,,,,,,,,,,,,
1,,,,135x12,,,,,,,,,70x10,,,,,,12,,,,,,,,,,,,
2,,,,225x10,,,,,,,,,80x7,,,,,,12,,,,,,,,,,,,
3,,,,255x8,,,,,,,,,90x5,,,,,,12,,,,,,,,,,,,
4,,,,275x4,,,,,,,,,100x3,,,,,,12,,,,,,,,,,,,
5,,,,275x4,,,,,,,,,100x3,,,,,,,,,,,,,,,,,,
super,,,,295x1,,,,,,,,,,,,,,,,,,,,,,,,,,,
,,,,,,,,,,,,,,,,,,,,,,,,,,,,,,,
5/17/2022,145.1,,,,,,,,,,,,,,,,,,,,,,,,,,,,,,
1,,135x10,,,,95x15,,,,,,,,,,,,,12,,,,,,,,,,,,
2,,185x10,,,,115x10,,,,,,,,,,,,,12,,,,,,,,,,,,
3,,225x4,,,,135x7,,,,,,,,,,,,,12,,,,,,,,,,,,
4,,225x4,,,,155x4,,,,,,,,,,,,,,,,,,,,,,,,,
5,,185x5,,,,160x1,,,,,,,,,,,,,,,,,,,,,,,,,
super,,,,,,135x6,,,,,,,,,,,,,,,,,,,,,,,,,
,,,,,,,,,,,,,,,,,,,,,,,,,,,,,,,
5/22/2022,145.3,,,,,,,,,,,,,,,,,,,,,,,,,,,,,,
1,,135x10,,,,95x20,,,,,,,55x6,,55x6,,,,,,,,,,,,,,,,
2,,185x10,,,,115x12,,,,,,,55x6,,55x6,,,,,,,,,,,,,,,,
3,,225x4,,,,135x7,,,,,,,55x6,,55x6,,,,,,,,,,,,,,,,
4,,225x2,,,,135x7,,,,,,,,,,,,,,,,,,,,,,,,,
5,,205x6,,,,135x7,,,,,,,,,,,,,,,,,,,,,,,,,
super,,,,,,,,,,,,,,,,,,,,,,,,,,,,,,,
,,,,,,,,,,,,,,,,,,,,,,,,,,,,,,,
5/26/2022,145.8,,,,,,,,,,,,,,,,,,,,,,,,,,,,,,
1,,135x10,45x20,,,,,,,,,,,,,,7,,12,,,,,,,,,,,,
2,,185x10,65x8,,,,,,,,,,,,,,6,,12,,,,,,,,,,,,
3,,225x4,85x6,,,,,,,,,,,,,,5,,12,,,,,,,,,,,,
4,,225x4,95x2,,,,,,,,,,,,,,4,,12,,,,,,,,,,,,
5,,225x4,95x3,,,,,,,,,,,,,,,,,,,,,,,,,,,,
super,,,,,,,,,,,,,,,,,,,,,,,,,,,,,,,
,,,,,,,,,,,,,,,,,,,,,,,,,,,,,,,
5/29/2022,146,,,,,,,,,,,,,,,,,,,,,,,,,,,,,,
1,,,,135x12,,95x15,,,,,,,55x6,,55x6,,,,,,,,,,,,,,,,
2,,,,225x10,,115x10,,,,,,,55x6,,55x6,,,,,,,,,,,,,,,,
3,,,,255x8,,135x7,,,,,,,55x6,,55x6,,,,,,,,,,,,,,,,
4,,,,275x4,,155x4,,,,,,,,,,,,,,,,,,,,,,,,,
5,,,,275x4,,160x1,,,,,,,,,,,,,,,,,,,,,,,,,
super,,,,,,,,,,,,,,,,,,,,,,,,,,,,,,,
,,,,,,,,,,,,,,,,,,,,,,,,,,,,,,,
5/31/2022,146.0,,,,,,,,,,,,,,,,,,,,,,,,,,,,,,
1,,135x10,45x15,,,,,,,,,,70x10,,,,,,12,,,,,,,,,,,,
2,,185x10,75x8,,,,,,,,,,80x7,,,,,,12,,,,,,,,,,,,
3,,225x4,95x4,,,,,,,,,,90x5,,,,,,12,,,,,,,,,,,,
4,,235x2,100x2,,,,,,,,,,100x7,,,,,,12,,,,,,,,,,,,
5,,225x4,105x2,,,,,,,,,,110x5,,,,,,,,,,,,,,,,,,
super,,,,,,,,,,,,,,,,,,,,,,,,,,,,,,,
,,,,,,,,,,,,,,,,,,,,,,,,,,,,,,,
8/19/2022,141.0,,,,,,,,,,,,,,,,,,,,,,,,,,,,,,
1,,95x15,45x15,,,,,,,,,,70x10,,,,,,,,,,,,,,,,,,
2,,135x10,65x10,,,,,,,,,,80x7,,,,,,,,,,,,,,,,,,
3,,135x10,85x3,,,,,,,,,,90x4,,,,,,,,,,,,,,,,,,
4,,185x3,65x5,,,,,,,,,,80x5,,,,,,,,,,,,,,,,,,
5,,135x10,65x5,,,,,,,,,,70x10,,,,,,,,,,,,,,,,,,
super,,135x10,,,,,,,,,,,,,,,,,,,,,,,,,,,,,
,,,,,,,,,,,,,,,,,,,,,,,,,,,,,,,
8/21/2022,140.8,,,,,,,,,,,,,,,,,,,,,,,,,,,,,,
1,,,,135x15,,45x15,,,,,,,,,,,,,10,,,,,,,,,,,,
2,,,,185x10,,95x10,,,,,,,,,,,,,10,,,,,,,,,,,,
3,,,,225x6,,115x8,,,,,,,,,,,,,10,,,,,,,,,,,,
4,,,,225x6,,135x4,,,,,,,,,,,,,7,,,,,,,,,,,,
5,,,,255x4,,135x4,,,,,,,,,,,,,,,,,,,,,,,,,
super,,,,,,,,,,,,,,,,,,,,,,,,,,,,,,,
,,,,,,,,,,,,,,,,,,,,,,,,,,,,,,,
9/11/2022,139.6,,,,,,,,,,,,,,,,,,,,,,,,,,,,,,
1,,95x15,,,,95x15,,,,,,,70x10,,,,,,8,,,,,,,,,,,,
2,,135x15,,,,115x8,,,,,,,80x8,,,,,,8,,,,,,,,,,,,
3,,185x6,,,,115x6,,,,,,,90x4,,,,,,8,,,,,,,,,,,,
4,,185x5,,,,115x5,,,,,,,80x6,,,,,,4,,,,,,,,,,,,
5,,185x5,,,,115x5,,,,,,,70x6,,,,,,,,,,,,,,,,,,
super,,135x10,,,,,,,,,,,,,,,,,,,,,,,,,,,,,
,,,,,,,,,,,,,,,,,,,,,,,,,,,,,,,
9/12/2022,139.4,,,,,,,,,,,,,,,,,,,,,,,,,,,,,,
1,,,,,,,,,,,,,70x10,,50x10,,6,,10,,,,,,,,,,,,
2,,,,,,,,,,,,,80x8,,50x7,,6,,10,,,,,,,,,,,,
3,,,,,,,,,,,,,90x4,,50x5,,6,,7,,,,,,,,,,,,
4,,,,,,,,,,,,,80x6,,50x7,,6,,7,,,,,,,,,,,,
5,,,,,,,,,,,,,70x6,,,,,,7,,,,,,,,,,,,
super,,,,,,,,,,,,,,,,,,,,,,,,,,,,,,,
,,,,,,,,,,,,,,,,,,,,,,,,,,,,,,,
9/16/2022,139,,,,,,,,,,,,,,,,,,,,,,,,,,,,,,
1,,135x10,45x15,,,,,,,,,,70x10,,,,,,,,,,,,,,,,,,
2,,185x8,65x10,,,,,,,,,,80x8,,,,,,,,,,,,,,,,,,
3,,205x4,85x4,,,,,,,,,,90x4,,,,,,,,,,,,,,,,,,
4,,205x4,65x7,,,,,,,,,,80x6,,,,,,,,,,,,,,,,,,
5,,135x10,65x7,,,,,,,,,,70x6,,,,,,,,,,,,,,,,,,
super,,,,,,,,,,,,,,,,,,,,,,,,,,,,,,,
,,,,,,,,,,,,,,,,,,,,,,,,,,,,,,,
9/18/2022,140.6,,,,,,,,,,,,,,,,,,,,,,,,,,,,,,
1,,135x10,,,,95x10,,,,,,,70x10,,,50x10,,,7,,,,,,,,,,,,
2,,185x8,,,,115x8,,,,,,,70x10,,,50x10,,,7,,,,,,,,,,,,
3,,205x4,,,,135x4,,,,,,,70x10,,,50x10,,,7,,,,,,,,,,,,
4,,205x4,,,,115x6,,,,,,,70x10,,,,,,7,,,,,,,,,,,,
5,,135x10,,,,115x6,,,,,,,,,,,,,,,,,,,,,,,,,
super,,,,,,,,,,,,,,,,,,,,,,,,,,,,,,,
,,,,,,,,,,,,,,,,,,,,,,,,,,,,,,,
9/21/2022,140.9,,,,,,,,,,,,,,,,,,,,,,,,,,,,,,
1,,135x10,,,,,,,,,,,70x12,,,,,,9,,,,,,,,,,,,
2,,185x6,,,,,,,,,,,70x12,,,,,,9,,,,,,,,,,,,
3,,185x6,,,,,,,,,,,80x8,,,,,,9,,,,,,,,,,,,
4,,205x4,,,,,,,,,,,80x8,,,,,,9,,,,,,,,,,,,
5,,135x10,,,,,,,,,,,,,,,,,,,,,,,,,,,,,
super,,,,,,,,,,,,,,,,,,,,,,,,,,,,,,,
,,,,,,,,,,,,,,,,,,,,,,,,,,,,,,,
9/28/2022,141.3,,,,,,,,,,,,,,,,,,,,,,,,,,,,,,
1,,135x10,,,,95x10,,,,,,,,,,,,,12,,,,,,,,,,,,
2,,185x6,,,,115x8,,,,,,,,,,,,,11,,,,,,,,,,,,
3,,205x4,,,,135x4,,,,,,,,,,,,,10,,,,,,,,,,,,
4,,225x2,,,,135x4,,,,,,,,,,,,,10,,,,,,,,,,,,
5,,135x10,,,,115x6,,,,,,,,,,,,,,,,,,,,,,,,,
super,,,,,,95x10,,,,,,,,,,,,,,,,,,,,,,,,,
,,,,,,,,,,,,,,,,,,,,,,,,,,,,,,,
9/30/2022,141.2,,,,,,,,,,,,,,,,,,,,,,,,,,,,,,
1,,,45x15,135x15,,,,,,,,,70x10,,,,,,12,,,,,,,,,,,,
2,,,65x10,185x10,,,,,,,,,70x10,,,,,,12,,,,,,,,,,,,
3,,,85x6,225x6,,,,,,,,,70x10,,,,,,12,,,,,,,,,,,,
4,,,85x4,225x6,,,,,,,,,70x10,,,,,,12,,,,,,,,,,,,
5,,,65x7,255x4,,,,,,,,,,,,,,,,,,,,,,,,,,,
super,,,,,,,,,,,,,,,,,,,,,,,,,,,,,,,
,,,,,,,,,,,,,,,,,,,,,,,,,,,,,,,
10/2/2022,141.2,,,,,,,,,,,,,,,,,,,,,,,,,,,,,,
1,,135x10,,,,95x10,,,,,,,,,,,,,14,,,,,,,,,,,,
2,,185x6,,,,115x6,,,,,,,,,,,,,12,,,,,,,,,,,,
3,,225x4,,,,135x5,,,,,,,,,,,,,10,,,,,,,,,,,,
4,,225x4,,,,135x4,,,,,,,,,,,,,12,,,,,,,,,,,,
5,,235x1,,,,135x4,,,,,,,,,,,,,,,,,,,,,,,,,
super,,135x15,,,,115x10,,,,,,,,,,,,,,,,,,,,,,,,,
,,,,,,,,,,,,,,,,,,,,,,,,,,,,,,,
10/21/2022,138.9,,,,,,,,,,,,,,,,,,,,,,,,,,,,,,
1,,135x10,,,,95x10,,,,,,,,,,,,,14,,,,,,,,,,,,
2,,185x6,,,,115x6,,,,,,,,,,,,,12,,,,,,,,,,,,
3,,225x3,,,,135x5,,,,,,,,,,,,,10,,,,,,,,,,,,
4,,225x2,,,,135x5,,,,,,,,,,,,,12,,,,,,,,,,,,
5,,185x6,,,,135x4,,,,,,,,,,,,,,,,,,,,,,,,,
super,,135x15,,,,115x10,,,,,,,,,,,,,,,,,,,,,,,,,
,,,,,,,,,,,,,,,,,,,,,,,,,,,,,,,
10/30/2022,138,,,,,,,,,,,,,,,,,,,,,,,,,,,,,,
1,,,,135x15,,95x10,,,,,,,,,,,,,14,,20x25,,,,,,,,,,
2,,,,185x10,,115x6,,,,,,,,,,,,,12,,20x35,,,,,,,,,,
3,,,,225x6,,135x5,,,,,,,,,,,,,12,,,,,,,,,,,,
4,,,,245x4,,135x6,,,,,,,,,,,,,12,,,,,,,,,,,,
5,,,,275x2,,135x4,,,,,,,,,,,,,,,,,,,,,,,,,
super,,,,295x1,,115x10,,,,,,,,,,,,,,,,,,,,,,,,,
,,,,,,,,,,,,,,,,,,,,,,,,,,,,,,,
11/1/2022,139.6,,,,,,,,,,,,,,,,,,,,,,,,,,,,,,
1,,135x10,45x15,,,,,,,,,,,,,,,,14,,,,,,,,,,,,
2,,185x6,65x10,,,,,,,,,,,,,,,,14,,,,,,,,,,,,
3,,225x4,85x4,,,,,,,,,,,, ,,,,12,,,,,,,,,,,,
4,,245x1,95x2,,,,,,,,,,,,,,,,12,,,,,,,,,,,,
5,,185x6,65x7,,,,,,,,,,,,,,,,,,,,,,,,,,,,
super,,135x15,,,,,,,,,,,,,,,,,,,,,,,,,,,,,
,,,,,,,,,,,,,,,,,,,,,,,,,,,,,,,
11/3/2022,139.2,,,,,,,,,,,,,,,,,,,,,,,,,,,,,,
1,,135x10,,,,95x10,,,,,,,70x10,,,,,,,,,,,,,,,,,,
2,,185x6,,,,115x6,,,,,,,80x7,,,,,,,,,,,,,,,,,,
3,,225x4,,,,135x6,,,,,,,90x5,,,,,,,,,,,,,,,,,,
4,,225x4,,,,145x2,,,,,,,100x5,,,,,,,,,,,,,,,,,,
5,,185x6,,,,135x6,,,,,,,,,,,,,,,,,,,,,,,,,
super,,135x15,,,,115x10,,,,,,,,,,,,,,,,,,,,,,,,,
,,,,,,,,,,,,,,,,,,,,,,,,,,,,,,,
11/6/2022,138.9,,,,,,,,,,,,,,,,,,,,,,,,,,,,,,
1,,,45x15,135x12,,,,,,,,,,,,,,,14,,,,,,,,,,,,
2,,,65x10,225x8,,,,,,,,,,,,,,,14,,,,,,,,,,,,
3,,,85x4,275x6,,,,,,,,,,,,,,,12,,,,,,,,,,,,
4,,,95x2,295x2,,,,,,,,,,,,,,,12,,,,,,,,,,,,
5,,,105x1,315x1,,,,,,,,,,,,,,,,,,,,,,,,,,,
super,,,,315x1,,,,,,,,,,,,,,,,,,,,,,,,,,,
,,,,,,,,,,,,,,,,,,,,,,,,,,,,,,,
11/11/2022,138.8,,,,,,,,,,,,,,,,,,,,,,,,,,,,,,
1,,135x10,,,,95x10,,,,,,,,,,,,,14,,,,,,,,,,,,
2,,185x6,,,,115x6,,,,,,,,,,,,,14,,,,,,,,,,,,
3,,225x4,,,,135x6,,,,,,,,,,,,,14,,,,,,,,,,,,
4,,245x2,,,,145x2,,,,,,,,,,,,,14,,,,,,,,,,,,
5,,185x6,,,,155x2,,,,,,,,,,,,,,,,,,,,,,,,,
super,,135x10,,,,115x10,,,,,,,,,,,,,,,,,,,,,,,,,
,,,,,,,,,,,,,,,,,,,,,,,,,,,,,,,
11/15/2022,139.1,,,,,,,,,,,,,,,,,,,,,,,,,,,,,,
1,,135x10,45x15,,,,,,,,,,,,,,,,15,,,,,,,,,,,,
2,,185x6,65x10,,,,,,,,,,,,,,,,14,,,,,,,,,,,,
3,,225x4,85x4,,,,,,,,,,,,,,,,14,,,,,,,,,,,,
4,,225x4,95x2,,,,,,,,,,,,,,,,14,,,,,,,,,,,,
5,,185x6,105x1,,,,,,,,,,,,,,,,,,,,,,,,,,,,
super,,135x15,,,,,,,,,,,,,,,,,,,,,,,,,,,,,
,,,,,,,,,,,,,,,,,,,,,,,,,,,,,,,
11/18/2022,139.8,,,,,,,,,,,,,,,,,,,,,,,,,,,,,,
1,,,,135x12,,95x10,,,,,,,,,,,,,15,,,,,,,,,,,,
2,,,,225x8,,115x6,,,,,,,,,,,,,15,,,,,,,,,,,,
3,,,,275x6,,135x6,,,,,,,,,,,,,14,,,,,,,,,,,,
4,,,,315x2,,145x4,,,,,,,,,,,,,12,,,,,,,,,,,,
5,,,,330x1,,155x2,,,,,,,,,,,,,,,,,,,,,,,,,
super,,,,,,115x10,,,,,,,,,,,,,,,,,,,,,,,,,
,,,,,,,,,,,,,,,,,,,,,,,,,,,,,,,
11/21/2022,139.8,,,,,,,,,,,,,,,,,,,,,,,,,,,,,,
1,,135x10,45x15,,,,,,,,,,,,,,,,25x8,,,,,,,,,,,,
2,,185x6,65x10,,,,,,,,,,,,,,,,25x8,,,,,,,,,,,,
3,,225x4,85x6,,,,,,,,,,,,,,,,25x8,,,,,,,,,,,,
4,,245x2,85x6,,,,,,,,,,,,,,,,25x5,,,,,,,,,,,,
5,,255x1,85x6,,,,,,,,,,,,,,,,,,,,,,,,,,,,
super,,135x10,,,,,,,,,,,,,,,,,,,,,,,,,,,,,
,,,,,,,,,,,,,,,,,,,,,,,,,,,,,,,
11/27/2022,140.0,,,,,,,,,,,,,,,,,,,,,,,,,,,,,,
1,,,,135x12,,95x10,,,,,,,,,,,,,25x7,,,,,,,,,,,,
2,,,,225x8,,115x8,,,,,,,,,,,,,25x7,,,,,,,,,,,,
3,,,,275x6,,135x6,,,,,,,,,,,,,25x7,,,,,,,,,,,,
4,,,,325x2,,145x4,,,,,,,,,,,,,25x5,,,,,,,,,,,,
5,,,,325x2,,155x2,,,,,,,,,,,,,,,,,,,,,,,,,
super,,,,,,115x10,,,,,,,,,,,,,,,,,,,,,,,,,
,,,,,,,,,,,,,,,,,,,,,,,,,,,,,,,
12/2/2022,140.2,,,,,,,,,,,,,,,,,,,,,,,,,,,,,,
1,,135x10,,,,95x10,,,,,,,,,,,,,25x7,,,,,,,,,,,,
2,,185x6,,,,115x8,,,,,,,,,,,,,25x7,,20x35,,,,,,,,,,
3,,225x4,,,,135x6,,,,,,,,,,,,,25x7,,,,,,,,,,,,
4,,245x2,,,,145x4,,,,,,,,,,,,,25x7,,,,,,,,,,,,
5,,225x4,,,,155x3,,,,,,,,,,,,,,,,,,,,,,,,,
super,,245x2,,,,160x1,,,,,,,,,,,,,,,,,,,,,,,,,
,,,,,,,,,,,,,,,,,,,,,,,,,,,,,,,
12/9/2022,140.5,,,,,,,,,,,,,,,,,,,,,,,,,,,,,,
1,,,45x15,135x12,,95x10,,,,,,,70x10,,,,,,,,,,,,,,,,,,
2,,,65x10,225x8,,115x8,,,,,,,80x7,,,,,,,,,,,,,,,,,,
3,,,85x6,275x6,,135x6,,,,,,,90x5,,,,,,,,,,,,,,,,,,
4,,,85x6,325x3,,145x4,,,,,,,100x4,,,,,,,,,,,,,,,,,,
5,,,85x6,325x2,,155x4,,,,,,,70x4,,,,,,,,,,,,,,,,,,
super,,,,135x8,,165x1,,,,,,,,,,,,,,,,,,,,,,,,,
,,,,,,,,,,,,,,,,,,,,,,,,,,,,,,,
12/26/2022,141.4,,,,,,,,,,,,,,,,,,,,,,,,,,,,,,
1,,135x10,,135x10,,,,,,,,,,,,,,,14,,,,,,,,,,,,
2,,185x6,,225x6,,,,,,,,,,,,,,,14,,,,,,,,,,,,
3,,225x4,,225x6,,,,,,,,,,,,,,,14,,,,,,,,,,,,
4,,225x4,,225x6,,,,,,,,,,,,,,,14,,,,,,,,,,,,
5,,,,,,,,,,,,,,,,,,,,,,,,,,,,,,,
super,,,,,,,,,,,,,,,,,,,,,,,,,,,,,,,
,,,,,,,,,,,,,,,,,,,,,,,,,,,,,,,
12/28/2022,141.5,,,,,,,,,,,,,,,,,,,,,,,,,,,,,,
1,,135x10,,,,95x10,,,,,,,,,,,,,14,,,,,,,,,,,,
2,,185x6,,,,115x8,,,,,,,,,,,,,14,,,,,,,,,,,,
3,,185x6,,,,135x6,,,,,,,,,,,,,14,,,,,,,,,,,,
4,,185x6,,,,135x6,,,,,,,,,,,,,14,,,,,,,,,,,,
5,,185x6,,,,95x12,,,,,,,,,,,,,,,,,,,,,,,,,
super,,,,,,,,,,,,,,,,,,,,,,,,,,,,,,,
,,,,,,,,,,,,,,,,,,,,,,,,,,,,,,,
1/2/2023,141.8,,,,,,,,,,,,,,,,,,,,,,,,,,,,,,
1,,135x10,45x15,,,95x10,,,,,,,70x10,,,,,,,,,,,,,,,,,,
2,,185x6,65x10,,,115x8,,,,,,,80x7,,,,,,,,,,,,,,,,,,
3,,205x4,85x4,,,135x6,,,,,,,90x5,,,,,,,,,,,,,,,,,,
4,,185x6,65x8,,,135x6,,,,,,,100x4,,,,,,,,,,,,,,,,,,
5,,185x6,85x6,,,95x12,,,,,,,70x4,,,,,,,,,,,,,,,,,,
super,,,,,,,,,,,,,,,,,,,,,,,,,,,,,,,
,,,,,,,,,,,,,,,,,,,,,,,,,,,,,,,
1/4/2023,141.7,,,,,,,,,,,,,,,,,,,,,,,,,,,,,,
1,,135x10,,135x10,,,,,,,,,,,,,,,14,,,,,,,,,,,,
2,,185x6,,225x8,,,,,,,,,,,,,,,14,,,,,,,,,,,,
3,,185x6,,275x6,,,,,,,,,,,,,,,14,,,,,,,,,,,,
4,,185x6,,275x6,,,,,,,,,,,,,,,14,,,,,,,,,,,,
5,,185x6,,,,,,,,,,,,,,,,,,,,,,,,,,,,,
super,,,,,,,,,,,,,,,,,,,,,,,,,,,,,,,
,,,,,,,,,,,,,,,,,,,,,,,,,,,,,,,
1/8/2023,142.0,,,,,,,,,,,,,,,,,,,,,,,,,,,,,,
1,,135x10,,,,95x10,,,,,,,,,,,,,25x8,,,,,,,,,,,,
2,,185x6,,,,115x8,,,,,,,,,,,,,25x7,,,,,,,,,,,,
3,,205x4,,,,135x6,,,,,,,,,,,,,25x7,,,,,,,,,,,,
4,,225x4,,,,145x4,,,,,,,,,,,,,25x7,,,,,,,,,,,,
5,,225x4,,,,135x6,,,,,,,,,,,,,,,,,,,,,,,,,
super,,,,,,,,,,,,,,,,,,,,,,,,,,,,,,,
,,,,,,,,,,,,,,,,,,,,,,,,,,,,,,,
,,,,,,,,,,,,,,,,,,,,,,,,,,,,,,,
1/11/2023,141.9,,,,,,,,,,,,,,,,,,,,,,,,,,,,,,
1,,135x10,45x10,,,95x10,,,,,,,,,,,,,,,,,,,,,,,,,
2,,185x6,65x10,,,115x8,,,,,,,,,,,,,,,,,,,,,,,,,
3,,225x4,85x6,,,135x6,,,,,,,,,,,,,,,,,,,,,,,,,
4,,225x4,85x4,,,145x4,,,,,,,,,,,,,,,,,,,,,,,,,
5,,245x2,85x6,,,135x6,,,,,,,,,,,,,,,,,,,,,,,,,
super,,,,,,,,,,,,,,,,,,,,,,,,,,,,,,,
,,,,,,,,,,,,,,,,,,,,,,,,,,,,,,,
1/13/2023,142.0,,,,,,,,,,,,,,,,,,,,,,,,,,,,,,
1,,135x10,,135x10,,,,,,,,,,,,,,,,,,,,,,,,,,,
2,,185x6,,225x8,,,,,,,,,,,,,,,,,,,,,,,,,,,
3,,225x4,,275x6,,,,,,,,,,,,,,,,,,,,,,,,,,,
4,,245x2,,275x6,,,,,,,,,,,,,,,,,,,,,,,,,,,
5,,265x1,,325x2,,,,,,,,,,,,,,,,,,,,,,,,,,,
super,,225x2,,,,,,,,,,,,,,,,,,,,,,,,,,,,,
,,,,,,,,,,,,,,,,,,,,,,,,,,,,,,,
1/19/2023,142.5,,,,,,,,,,,,,,,,,,,,,,,,,,,,,,
1,,135x10,,,,95x10,,,,,,,,,,,,,25x8,,,,,,,,,,,,
2,,185x6,,,,115x8,,,,,,,,,,,,,25x8,,,,,,,,,,,,
3,,225x5,,,,135x6,,,,,,,,,,,,,25x8,,,,,,,,,,,,
4,,225x5,,,,145x5,,,,,,,,,,,,,25x5,,,,,,,,,,,,
5,,245x2,,,,145x5,,,,,,,,,,,,,,,,,,,,,,,,,
super,,135x10,,,,,,,,,,,,,,,,,,,,,,,,,,,,,
,,,,,,,,,,,,,,,,,,,,,,,,,,,,,,,
1/22/2023,142.6,,,,,,,,,,,,,,,,,,,,,,,,,,,,,,
1,,135x10,,,,95x10,,,,,,,70x16,,,,,,,,,,,,,,,,,,
2,,185x6,,,,115x8,,,,,,,80x5,,,,,,,,,,,,,,,,,,
3,,225x5,,,,135x6,,,,,,,70x7,,,,,,,,,,,,,,,,,,
4,,245x2,,,,145x5,,,,,,,,,,,,,,,,,,,,,,,,,
5,,255x2,,,,155x3,,,,,,,70x10,,,,,,,,,,,,,,,,,,
super,,135x10,,,,,,,,,,,,,,,,,,,,,,,,,,,,,
,,,,,,,,,,,,,,,,,,,,,,,,,,,,,,,
1/26/2023,142.8,,,,,,,,,,,,,,,,,,,,,,,,,,,,,,
1,,135x10,,,,95x10,,,,,,,,,,,,,,,,,,,,,,,,,
2,,185x6,,,,135x6,,,,,,,,,,,,,,,,,,,,,,,,,
3,,225x5,,,,145x5,,,,,,,,,,,,,,,,,,,,,,,,,
4,,245x3,,,,145x5,,,,,,,,,,,,,,,,,,,,,,,,,
5,,265x2,,,,145x5,,,,,,,,,,,,,,,,,,,,,,,,,
super,,135x10,,,,,,,,,,,,,,,,,,,,,,,,,,,,,
,,,,,,,,,,,,,,,,,,,,,,,,,,,,,,,
1/29/2023,142.9,,,,,,,,,,,,,,,,,,,,,,,,,,,,,,
1,,135x10,,,,95x10,,,,,,,70x10,,,,,,,,,,,,,,,,,,
2,,185x6,,,,135x8,,,,,,,70x10,,,,,,,,,,,,,,,,,,
3,,225x5,,,,145x6,,,,,,,70x10,,,,,,,,,,,,,,,,,,
4,,245x3,,,,155x4,,,,,,,70x7,,,,,,,,,,,,,,,,,,
5,,265x2,,,,155x4,,,,,,,,,,,,,,,,,,,,,,,,,
super,,135x10,,,,135x6,,,,,,,,,,,,,,,,,,,,,,,,,
,,,,,,,,,,,,,,,,,,,,,,,,,,,,,,,
2/1/2023,143.1,,,,,,,,,,,,,,,,,,,,,,,,,,,,,,
1,,135x10,,,,95x10,,,,,,,70x8,,,,,,,,,,,,,,,,,,
2,,185x6,,,,135x8,,,,,,,70x8,,,,,,,,,,,,,,,,,,
3,,225x6,,,,145x6,,,,,,,70x8,,,,,,,,,,,,,,,,,,
4,,245x3,,,,155x5,,,,,,,70x8,,,,,,,,,,,,,,,,,,
5,,265x2,,,,155x4,,,,,,,,,,,,,,,,,,,,,,,,,
super,,275x1,,,,135x6,,,,,,,,,,,,,,,,,,,,,,,,,
,,,,,,,,,,,,,,,,,,,,,,,,,,,,,,,
2/3/2023,143.2,,,,,,,,,,,,,,,,,,,,,,,,,,,,,,
1,,135x10,45x10,,,,,,,,,,70x8,,,,,,,,,,,,,,,,,,
2,,185x6,65x10,,,,,,,,,,70x8,,,,,,,,,,,,,,,,,,
3,,225x6,85x6,,,,,,,,,,70x8,,,,,,,,,,,,,,,,,,
4,,245x4,95x4,,,,,,,,,,70x8,,,,,,,,,,,,,,,,,,
5,,275x2,95x4,,,,,,,,,,,,,,,,,,,,,,,,,,,,
super,,225x8,,,,,,,,,,,,,,,,,,,,,,,,,,,,,
,,,,,,,,,,,,,,,,,,,,,,,,,,,,,,,
2/6/2023,143.1,,,,,,,,,,,,,,,,,,,,,,,,,,,,,,
1,,135x10,,,,,,,,,,,70x10,,,,,,25x8,,,,,,,,,,,,
2,,185x6,,,,,,,,,,,70x10,,,,,,25x8,,,,,,,,,,,,
3,,225x6,,,,,,,,,,,70x10,,,,,,25x8,,,,,,,,,,,,
4,,245x4,,,,,,,,,,,70x10,,,,,,25x5,,,,,,,,,,,,
5,,265x2,,,,,,,,,,,,,,,,,,,,,,,,,,,,,
super,,275x2,,,,,,,,,,,,,,,,,,,,,,,,,,,,,
,,,,,,,,,,,,,,,,,,,,,,,,,,,,,,,
2/10/2023,143.1,,,,,,,,,,,,,,,,,,,,,,,,,,,,,,
1,,135x10,,,,95x10,,,,,,,70x10,,,,,,,,,,,,,,,,,,
2,,185x6,,,,135x8,,,,,,,70x10,,,,,,,,,,,,,,,,,,
3,,225x6,,,,145x6,,,,,,,70x10,,,,,,,,,,,,,,,,,,
4,,245x4,,,,155x5,,,,,,,70x10,,,,,,,,,,,,,,,,,,
5,,275x2,,,,155x5,,,,,,,,,,,,,,,,,,,,,,,,,
6,,,,,,165x2,,,,,,,,,,,,,,,,,,,,,,,,,
super,,,,,,135x6,,,,,,,,,,,,,,,,,,,,,,,,,
,,,,,,,,,,,,,,,,,,,,,,,,,,,,,,,
2/16/2023,143.3,,,,,,,,,,,,,,,,,,,,,,,,,,,,,,
1,,135x10,,,,115x10,45x10,,,,,,,,,,,,,,,,,,,,,,,,
2,,185x6,,,,135x8,95x5,,,,,,,,,,,,,,,,,,,,,,,,
3,,225x6,,,,145x6,95x6,,,,,,,,,,,,,,,,,,,,,,,,
4,,245x4,,,,155x5,95x6,,,,,,,,,,,,,,,,,,,,,,,,
5,,265x2,,,,155x5,,,,,,,,,,,,,,,,,,,,,,,,,
6,,,,,,135x8,,,,,,,,,,,,,,,,,,,,,,,,,
super,,,,,,,,,,,,,,,,,,,,,,,,,,,,,,,
,,,,,,,,,,,,,,,,,,,,,,,,,,,,,,,
2/24/2023,143.7,,,,,,,,,,,,,,,,,,,,,,,,,,,,,,
1,,135x10,,,,115x10,,,,,,,,,,,,,,,,,,,,,,,,,
2,,185x6,,,,135x8,,,,,,,,,,,,,,,,,,,,,,,,,
3,,225x6,,,,145x6,,,,,,,,,,,,,,,,,,,,,,,,,
4,,245x4,,,,155x5,,,,,,,,,,,,,,,,,,,,,,,,,
5,,265x2,,,,155x5,,,,,,,,,,,,,,,,,,,,,,,,,
6,,275x1,,,,135x8,,,,,,,,,,,,,,,,,,,,,,,,,
super,,135x8,,,,,,,,,,,,,,,,,,,,,,,,,,,,,
,,,,,,,,,,,,,,,,,,,,,,,,,,,,,,,
3/1/2023,143.8,,,,,,,,,,,,,,,,,,,,,,,,,,,,,,
1,,135x10,,,,,45x10,,,,,,,,,,,,,,,,,,,,,,,,
2,,185x10,,,,,95x8,,,,,,,,,,,,,,,,,,,,,,,,
3,,225x8,,,,,95x8,,,,,,,,,,,,,,,,,,,,,,,,
4,,245x5,,,,,115x6,,,,,,,,,,,,,,,,,,,,,,,,
5,,245x5,,,,,,,,,,,,,,,,,,,,,,,,,,,,,
6,,245x5,,,,,,,,,,,,,,,,,,,,,,,,,,,,,
super,,,,,,,,,,,,,,,,,,,,,,,,,,,,,,,
,,,,,,,,,,,,,,,,,,,,,,,,,,,,,,,
3/3/2023,144.2,,,,,,,,,,,,,,,,,,,,,,,,,,,,,,
1,,135x10,,,,115x10,45x10,,,,,,,,,,,,,,,,,,,,,,,,
2,,185x6,,,,135x8,95x8,,,,,,,,,,,,,,,,,,,,,,,,
3,,225x6,,,,145x6,95x8,,,,,,,,,,,,,,,,,,,,,,,,
4,,245x4,,,,145x8,115x6,,,,,,,,,,,,,,,,,,,,,,,,
5,,265x3,,,,165x2,115x6,,,,,,,,,,,,,,,,,,,,,,,,
6,,,,,,135x12,,,,,,,,,,,,,,,,,,,,,,,,,
super,,,,,,,,,,,,,,,,,,,,,,,,,,,,,,,
,,,,,,,,,,,,,,,,,,,,,,,,,,,,,,,
3/11/2023,144.6,,,,,,,,,,,,,,,,,,,,,,,,,,,,,,
1,,135x10,,,,115x10,45x10,,,,,,,,,,,,,,,,,,,,,,,,
2,,185x6,,,,135x8,95x8,,,,,,,,,,,,,,,,,,,,,,,,
3,,225x6,,,,145x6,95x8,,,,,,,,,,,,,,,,,,,,,,,,
4,,245x5,,,,155x5,95x8,,,,,,,,,,,,,,,,,,,,,,,,
5,,245x5,,,,155x3,95x8,,,,,,,,,,,,,,,,,,,,,,,,
6,,,,,,135x4,,,,,,,,,,,,,,,,,,,,,,,,,
super,,,,,,,,,,,,,,,,,,,,,,,,,,,,,,,
,,,,,,,,,,,,,,,,,,,,,,,,,,,,,,,
3/15/2023,144.7,,,,,,,,,,,,,,,,,,,,,,,,,,,,,,
1,,135x10,,,,115x12,,,,,,,,,,,,,,,,,,,,,,,,,
2,,185x8,,,,135x8,,,,,,,,,,,,,,,,,,,,,,,,,
3,,225x6,,,,135x8,,,,,,,,,,,,,,,,,,,,,,,,,
4,,245x4,,,,135x8,,,,,,,,,,,,,,,,,,,,,,,,,
5,,265x3,,,,135x8,,,,,,,,,,,,,,,,,,,,,,,,,
6,,,,,,95x10,,,,,,,,,,,,,,,,,,,,,,,,,
super,,,,,,,,,,,,,,,,,,,,,,,,,,,,,,,
,,,,,,,,,,,,,,,,,,,,,,,,,,,,,,,
3/23/2023,145.1,,,,,,,,,,,,,,,,,,,,,,,,,,,,,,
1,,135x10,,,,115x12,,,,,,,,,,,,,,,,,,,,,,,,,
2,,185x8,,,,135x8,,,,,,,,,,,,,,,,,,,,,,,,,
3,,225x6,,,,135x8,,,,,,,,,,,,,,,,,,,,,,,,,
4,,245x5,,,,135x8,,,,,,,,,,,,,,,,,,,,,,,,,
5,,245x5,,,,95x10,,,,,,,,,,,,,,,,,,,,,,,,,
6,,,,,,,,,,,,,,,,,,,,,,,,,,,,,,,
super,,,,,,,,,,,,,,,,,,,,,,,,,,,,,,,
,,,,,,,,,,,,,,,,,,,,,,,,,,,,,,,
3/28/2023,145.2,,,,,,,,,,,,,,,,,,,,,,,,,,,,,,
1,,135x10,45x10,,,115x12,,,,,,,,,,,,,,,,,,,,,,,,,
2,,185x8,65x9,,,135x8,,,,,,,,,,,,,,,,,,,,,,,,,
3,,225x6,65x6,,,145x5,,,,,,,,,,,,,,,,,,,,,,,,,
4,,245x5,65x6,,,145x6,,,,,,,,,,,,,,,,,,,,,,,,,
5,,245x6,65x6,,,95x10,,,,,,,,,,,,,,,,,,,,,,,,,
6,,,,,,,,,,,,,,,,,,,,,,,,,,,,,,,
super,,,,,,,,,,,,,,,,,,,,,,,,,,,,,,,
,,,,,,,,,,,,,,,,,,,,,,,,,,,,,,,
4/13/2023,146.0,,,,,,,,,,,,,,,,,,,,,,,,,,,,,,
1,,135x10,,,,115x12,45x10,,,,,,,,,,,,,,,,,,,,,,,,
2,,185x8,,,,135x8,95x6,,,,,,,,,,,,,,,,,,,,,,,,
3,,225x6,,,,135x6,95x6,,,,,,,,,,,,,,,,,,,,,,,,
4,,245x4,,,,135x8,95x6,,,,,,,,,,,,,,,,,,,,,,,,
5,,245x4,,,,95x10,95x6,,,,,,,,,,,,,,,,,,,,,,,,
6,,,,,,,,,,,,,,,,,,,,,,,,,,,,,,,
super,,,,,,,,,,,,,,,,,,,,,,,,,,,,,,,
,,,,,,,,,,,,,,,,,,,,,,,,,,,,,,,
4/15/2023,146.0,,,,,,,,,,,,,,,,,,,,,,,,,,,,,,
1,,,,,,,95x7,,65x10,,30x10,,,,,,,,,,,,,,,,,,,,
2,,,,,,,95x7,,65x10,,30x10,,,,,,,,,,,,,,,,,,,,
3,,,,,,,95x7,,65x10,,30x10,,,,,,,,,,,,,,,,,,,,
4,,,,,,,95x7,,85x7,,30x10,,,,,,,,,,,,,,,,,,,,
5,,,,,,,,,85x7,,,,,,,,,,,,,,,,,,,,,,
6,,,,,,,,,95x5,,,,,,,,,,,,,,,,,,,,,,
super,,,,,,,,,115x6,,,,,,,,,,,,,,,,,,,,,,
,,,,,,,,,,,,,,,,,,,,,,,,,,,,,,,
4/18/2023,146.0,,,,,,,,,,,,,,,,,,,,,,,,,,,,,,
1,,135x10,,,,,95x8,,,,,,,,,,,,,,,,,,,,,,,,
2,,185x8,,,,,95x8,,,,,,,,,,,,,,,,,,,,,,,,
3,,225x6,,,,,95x8,,,,,,,,,,,,,,,,,,,,,,,,
4,,245x5,,,,,95x8,,,,,,,,,,,,,,,,,,,,,,,,
5,,245x5,,,,,,,,,,,,,,,,,,,,,,,,,,,,,
6,,,,,,,,,,,,,,,,,,,,,,,,,,,,,,,
super,,,,,,,,,,,,,,,,,,,,,,,,,,,,,,,
,,,,,,,,,,,,,,,,,,,,,,,,,,,,,,,
4/22/2023,146.1,,,,,,,,,,,,,,,,,,,,,,,,,,,,,,
1,,135x10,,,,115x12,95x9,,,,30x10,,,,,,,,,,,,,,,,,,,,
2,,185x8,,,,135x8,95x9,,,,30x10,,,,,,,,,,,,,,,,,,,,
3,,225x8,,,,135x8,95x8,,,,30x10,,,,,,,,,,,,,,,,,,,,
4,,245x6,,,,135x8,95x5,,,,30x10,,,,,,,,,,,,,,,,,,,,
5,,265x3,,,,95x10,,,,,,,,,,,,,,,,,,,,,,,,,
6,,135x8,,,,,,,,,,,,,,,,,,,,,,,,,,,,,
super,,,,,,,,,,,,,,,,,,,,,,,,,,,,,,,
,,,,,,,,,,,,,,,,,,,,,,,,,,,,,,,
4/29/2023,146.4,,,,,,,,,,,,,,,,,,,,,,,,,,,,,,
1,,135x10,,,,115x12,95x9,,,,35x7,,,,,,,,,,,,,,,,,,,,
2,,185x8,,,,135x8,95x9,,,,30x10,,,,,,,,,,,,,,,,,,,,
3,,225x8,,,,135x8,95x8,,,,30x10,,,,,,,,,,,,,,,,,,,,
4,,245x6,,,,135x8,95x8,,,,30x10,,,,,,,,,,,,,,,,,,,,
5,,265x3,,,,95x10,,,,,,,,,,,,,,,,,,,,,,,,,
6,,135x10,,,,,,,,,,,,,,,,,,,,,,,,,,,,,
super,,,,,,,,,,,,,,,,,,,,,,,,,,,,,,,
,,,,,,,,,,,,,,,,,,,,,,,,,,,,,,,
5/2/2023,146.5,,,,,,,,,,,,,,,,,,,,,,,,,,,,,,
1,,135x10,,,,115x12,,,,,,,,,,,,,,,,,,,,,,,,,
2,,185x8,,,,135x9,,,,,,,,,,,,,,,,,,,,,,,,,
3,,225x8,,,,135x9,,,,,,,,,,,,,,,,,,,,,,,,,
4,,245x6,,,,135x9,,,,,,,,,,,,,,,,,,,,,,,,,
5,,245x6,,,,95x10,,,,,,,,,,,,,,,,,,,,,,,,,
6,,135x10,,,,,,,,,,,,,,,,,,,,,,,,,,,,,
super,,,,,,,,,,,,,,,,,,,,,,,,,,,,,,,
,,,,,,,,,,,,,,,,,,,,,,,,,,,,,,,
5/7/2023,146.8,,,,,,,,,,,,,,,,,,,,,,,,,,,,,,
1,,135x10,,,,115x12,95x9,,,,,,,,,,,,,,,,,,,,,,,,
2,,185x8,,,,135x9,95x9,,,,,,,,,,,,,,,,,,,,,,,,
3,,225x8,,,,135x9,95x9,,,,,,,,,,,,,,,,,,,,,,,,
4,,245x6,,,,135x9,95x9,,,,,,,,,,,,,,,,,,,,,,,,
5,,265x4,,,,95x10,,,,,,,,,,,,,,,,,,,,,,,,,
6,,135x10,,,,,,,,,,,,,,,,,,,,,,,,,,,,,
super,,,,,,,,,,,,,,,,,,,,,,,,,,,,,,,
,,,,,,,,,,,,,,,,,,,,,,,,,,,,,,,
5/11/2023,147.1,,,,,,,,,,,,,,,,,,,,,,,,,,,,,,
1,,135x10,,,,115x12,,,,,,,,,,,,,,,,85x10,,,,,,,,,
2,,185x8,,,,135x10,,,,,,,,,,,,,,,,85x10,,,,,,,,,
3,,225x8,,,,135x10,,,,,,,,,,,,,,,,85x10,,,,,,,,,
4,,245x6,,,,115x10,,,,,,,,,,,,,,,,,,,,,,,,,
5,,265x4,,,,95x15,,,,,,,,,,,,,,,,,,,,,,,,,
6,,135x10,,,,,,,,,,,,,,,,,,,,,,,,,,,,,
super,,,,,,,,,,,,,,,,,,,,,,,,,,,,,,,
,,,,,,,,,,,,,,,,,,,,,,,,,,,,,,,
5/17/2023,147.3,,,,,,,,,,,,,,,,,,,,,,,,,,,,,,
1,,135x10,,,,115x12,95x9,,,,,,,,,,,,,,,,,,,,,,,,
2,,185x8,,,,135x10,95x10,,,,,,,,,,,,,,,,,,,,,,,,
3,,235x7,,,,135x10,95x10,,,,,,,,,,,,,,,,,,,,,,,,
4,,255x5,,,,115x10,95x9,,,,,,,,,,,,,,,,,,,,,,,,
5,,255x5,,,,95x15,,,,,,,,,,,,,,,,,,,,,,,,,
6,,135x10,,,,,,,,,,,,,,,,,,,,,,,,,,,,,
super,,,,,,,,,,,,,,,,,,,,,,,,,,,,,,,
,,,,,,,,,,,,,,,,,,,,,,,,,,,,,,,
5/22/2023,147.4,,,,,,,,,,,,,,,,,,,,,,,,,,,,,,
1,,135x10,45x10,,,115x12,,,,,,,,,,,,,,,,,,,,,,,,,
2,,185x8,65x10,,,135x10,,,,,,,,,,,,,,,,,,,,,,,,,
3,,225x8,75x6,,,145x6,,,,,,,,,,,,,,,,,,,,,,,,,
4,,245x6,85x4,,,145x6,,,,,,,,,,,,,,,,,,,,,,,,,
5,,275x3,45x10,,,95x15,,,,,,,,,,,,,,,,,,,,,,,,,
6,,185x5,,,,,,,,,,,,,,,,,,,,,,,,,,,,,
super,,,,,,,,,,,,,,,,,,,,,,,,,,,,,,,
,,,,,,,,,,,,,,,,,,,,,,,,,,,,,,,
5/28/2023,147.8,,,,,,,,,,,,,,,,,,,,,,,,,,,,,,
1,,135x10,,,,115x12,95x10,,,,35x10,,,,,,,,,,,,,,,,,,,,
2,,185x8,,,,135x10,95x10,,,,30x10,,,,,,,,,,,,,,,,,,,,
3,,225x8,,,,145x7,95x10,,,,30x10,,,,,,,,,,,,,,,,,,,,
4,,245x6,,,,145x6,95x10,,,,30x10,,,,,,,,,,,,,,,,,,,,
5,,275x3,,,,95x15,,,,,,,,,,,,,,,,,,,,,,,,,
6,,185x6,,,,,,,,,,,,,,,,,,,,,,,,,,,,,
super,,,,,,,,,,,,,,,,,,,,,,,,,,,,,,,
,,,,,,,,,,,,,,,,,,,,,,,,,,,,,,,
6/1/2023,148.0,,,,,,,,,,,,,,,,,,,,,,,,,,,,,,
1,,135x10,,,,115x12,95x10,,,,,,,,,,,,,,,,,,,,,,,,
2,,185x8,,,,135x10,95x10,,,,,,,,,,,,,,,,,,,,,,,,
3,,225x8,,,,145x7,95x10,,,,,,,,,,,,,,,,,,,,,,,,
4,,245x7,,,,145x7,95x10,,,,,,,,,,,,,,,,,,,,,,,,
5,,275x3,,,,95x15,,,,,,,,,,,,,,,,,,,,,,,,,
6,,185x6,,,,,,,,,,,,,,,,,,,,,,,,,,,,,
super,,,,,,,,,,,,,,,,,,,,,,,,,,,,,,,
,,,,,,,,,,,,,,,,,,,,,,,,,,,,,,,
6/4/2023,147.9,,,,,,,,,,,,,,,,,,,,,,,,,,,,,,
1,,135x10,,,,115x8,,,,,32.5x10,,,,,,,,,,,,,,,,,,,,
2,,185x8,,,,135x8,,,,,32.5x10,,,,,,,,,,,,,,,,,,,,
3,,225x8,,,,145x7,,,,,32.5x10,,,,,,,,,,,,,,,,,,,,
4,,245x7,,,,145x7,,,,,32.5x10,,,,,,,,,,,,,,,,,,,,
5,,275x4,,,,145x7,,,,,,,,,,,,,,,,,,,,,,,,,
6,,185x6,,,,95x15,,,,,,,,,,,,,,,,,,,,,,,,,
super,,,,,,,,,,,,,,,,,,,,,,,,,,,,,,,
,,,,,,,,,,,,,,,,,,,,,,,,,,,,,,,
6/11/2023,148.0,,,,,,,,,,,,,,,,,,,,,,,,,,,,,,
1,,135x10,,,,115x8,,,,,32.5x10,,,,,,,,,,,,,,,,,,,,
2,,185x8,,,,135x8,,,,,32.5x10,,,,,,,,,,,,,,,,,,,,
3,,225x8,,,,145x7,,,,,32.5x10,,,,,,,,,,,,,,,,,,,,
4,,245x7,,,,145x7,,,,,32.5x10,,,,,,,,,,,,,,,,,,,,
5,,275x3,,,,145x7,,,,,,,,,,,,,,,,,,,,,,,,,
6,,185x6,,,,95x15,,,,,,,,,,,,,,,,,,,,,,,,,
super,,,,,,,,,,,,,,,,,,,,,,,,,,,,,,,
,,,,,,,,,,,,,,,,,,,,,,,,,,,,,,,
6/17/2023,148.2,,,,,,,,,,,,,,,,,,,,,,,,,,,,,,
1,,135x10,,,,115x8,,,,,32.5x12,,,,,,,,,,,,,,,,,,,,
2,,185x8,,,,135x8,,,,,32.5x12,,,,,,,,,,,,,,,,,,,,
3,,225x8,,,,145x7,,,,,32.5x10,,,,,,,,,,,,,,,,,,,,
4,,245x6,,,,145x7,,,,,32.5x10,,,,,,,,,,,,,,,,,,,,
5,,245x6,,,,145x4,,,,,,,,,,,,,,,,,,,,,,,,,
6,,135x6,,,,135x10,,,,,,,,,,,,,,,,,,,,,,,,,
super,,,,,,,,,,,,,,,,,,,,,,,,,,,,,,,
,,,,,,,,,,,,,,,,,,,,,,,,,,,,,,,
6/19/2023,148.5,,,,,,,,,,,,,,,,,,,,,,,,,,,,,,
1,,135x10,,,,,,,,,,,,,,,,,,,,,,,,,,,,,
2,,185x8,,,,,,,,,,,,,,,,,,,,,,,,,,,,,
3,,225x8,,,,,,,,,,,,,,,,,,,,,,,,,,,,,
4,,245x7,,,,,,,,,,,,,,,,,,,,,,,,,,,,,
5,,275x4,,,,,,,,,,,,,,,,,,,,,,,,,,,,,
6,,185x6,,,,,,,,,,,,,,,,,,,,,,,,,,,,,
super,,,,,,,,,,,,,,,,,,,,,,,,,,,,,,,
,,,,,,,,,,,,,,,,,,,,,,,,,,,,,,,
6/25/2023,148.9,,,,,,,,,,,,,,,,,,,,,,,,,,,,,,
1,,135x10,,,,115x8,,,,,,,,,,,,,,,,85x10,,,,,,,,,
2,,185x8,,,,135x8,,,,,,,,,,,,,,,,100x8,,,,,,,,,
3,,225x8,,,,145x7,,,,,,,,,,,,,,,,85x10,,,,,,,,,
4,,245x7,,,,145x7,,,,,,,,,,,,,,,,100x8,,,,,,,,,
5,,275x4,,,,145x7,,,,,,,,,,,,,,,,,,,,,,,,,
6,,185x6,,,,135x10,,,,,,,,,,,,,,,,,,,,,,,,,
super,,,,,,,,,,,,,,,,,,,,,,,,,,,,,,,
,,,,,,,,,,,,,,,,,,,,,,,,,,,,,,,
7/10/2023,149.5,,,,,,,,,,,,,,,,,,,,,,,,,,,,,,
1,,135x10,45x10,,,,,,,,,,,,,,,,,,,,,,,,,,,,
2,,185x8,65x10,,,,,,,,,,,,,,,,,,,,,,,,,,,,
3,,225x8,85x6,,,,,,,,,,,,,,,,,,,,,,,,,,,,
4,,245x5,85x6,,,,,,,,,,,,,,,,,,,,,,,,,,,,
5,,245x5,45x10,,,,,,,,,,,,,,,,,,,,,,,,,,,,
6,,,,,,,,,,,,,,,,,,,,,,,,,,,,,,,
super,,,,,,,,,,,,,,,,,,,,,,,,,,,,,,,
,,,,,,,,,,,,,,,,,,,,,,,,,,,,,,,
7/11/2023,149.3,,,,,,,,,,,,,,,,,,,,,,,,,,,,,,
1,,,,,,115x8,95x10,,,,30x12,,,,50x10,,,,,,,,17.5x10,,,,,,,,
2,,,,,,135x7,95x10,,,,30x12,,,,50x10,,,,,,,,17.5x10,,,,,,,,
3,,,,,,135x5,95x10,,,,30x12,,,,50x6,,,,,,,,12.5x10,,,,,,,,
4,,,,,,115x8,,,,,30x12,,,,,,,,,,,,,,,,,,,,
5,,,,,,,,,,,,,,,,,,,,,,,,,,,,,,,
6,,,,,,,,,,,,,,,,,,,,,,,,,,,,,,,
super,,,,,,95x15,,,,,,,,,,,,,,,,,,,,,,,,,
,,,,,,,,,,,,,,,,,,,,,,,,,,,,,,,
7/14/2023,149.5,,,,,,,,,,,,,,,,,,,,,,,,,,,,,,
1,,135x10,,,,115x8,,,,,,,,,,,,,,,,,,,,,,,,,
2,,185x8,,,,135x8,,,,,,,,,,,,,,,,,,,,,,,,,
3,,225x8,,,,135x8,,,,,,,,,,,,,,,,,,,,,,,,,
4,,245x6,,,,135x8,,,,,,,,,,,,,,,,,,,,,,,,,
5,,225x8,,,,95x15,,,,,,,,,,,,,,,,,,,,,,,,,
6,,185x8,,,,,,,,,,,,,,,,,,,,,,,,,,,,,
super,,,,,,,,,,,,,,,,,,,,,,,,,,,,,,,
,,,,,,,,,,,,,,,,,,,,,,,,,,,,,,,
8/7/2023,150.7,,,,,,,,,,,,,,,,,,,,,,,,,,,,,,
1,,135x10,,,,95x12,,,,,,,,,,,,,,,,,,,,,,,,,
2,,185x8,,,,115x8,,,,,,,,,,,,,,,,,,,,,,,,,
3,,225x6,,,,135x7,,,,,,,,,,,,,,,,,,,,,,,,,
4,,245x4,,,,145x5,,,,,,,,,,,,,,,,,,,,,,,,,
5,,225x6,,,,135x7,,,,,,,,,,,,,,,,,,,,,,,,,
6,,,,,,,,,,,,,,,,,,,,,,,,,,,,,,,
super,,,,,,,,,,,,,,,,,,,,,,,,,,,,,,,
,,,,,,,,,,,,,,,,,,,,,,,,,,,,,,,
8/10/2023,150.8,,,,,,,,,,,,,,,,,,,,,,,,,,,,,,
1,,135x10,,,,115x10,,,,,,,,,,,,,,,,,,,,,,,,,
2,,185x8,,,,135x10,,,,,,,,,,,,,,,,,,,,,,,,,
3,,225x8,,,,145x6,,,,,,,,,,,,,,,,,,,,,,,,,
4,,225x8,,,,135x8,,,,,,,,,,,,,,,,,,,,,,,,,
5,,225x8,,,,115x12,,,,,,,,,,,,,,,,,,,,,,,,,
6,,,,,,,,,,,,,,,,,,,,,,,,,,,,,,,
super,,,,,,,,,,,,,,,,,,,,,,,,,,,,,,,
,,,,,,,,,,,,,,,,,,,,,,,,,,,,,,,
8/12/2023,151.1,,,,,,,,,,,,,,,,,,,,,,,,,,,,,,
1,,135x10,,,,,,,,,30x10,70x10,,,,,,,,,,,,,,,,,,,
2,,185x8,,,,,,,,,30x10,80x10,,,,,,,,,,,,,,,,,,,
3,,225x6,,,,,,,,,20x12,90x10,,,,,,,,,,,,,,,,,,,
4,,245x4,,,,,,,,,20x12,100x10,,,,,,,,,,,,,,,,,,,
5,,245x4,,,,,,,,,,100x10,,,,,,,,,,,,,,,,,,,
6,,225x6,,,,,,,,,,,,,,,,,,,,,,,,,,,,,
super,,,,,,,,,,,,,,,,,,,,,,,,,,,,,,,
,,,,,,,,,,,,,,,,,,,,,,,,,,,,,,,
8/14/2023,151.2,,,,,,,,,,,,,,,,,,,,,,,,,,,,,,
1,,135x10,,,,115x10,,,,,,,,,50x10,,,,,,,,15x10,,,,,,,,
2,,185x8,,,,135x10,,,,,,,,,50x10,,,,,,,,15x10,,,,,,,,
3,,225x8,,,,145x6,,,,,,,,,50x10,,,,,,,,15x10,,,,,,,,
4,,245x6,,,,135x8,,,,,,,,,,,,,,,,,,,,,,,,,
5,,275x2,,,,115x10,,,,,,,,,,,,,,,,,,,,,,,,,
6,,225x6,,,,,,,,,,,,,,,,,,,,,,,,,,,,,
super,,,,,,,,,,,,,,,,,,,,,,,,,,,,,,,
,,,,,,,,,,,,,,,,,,,,,,,,,,,,,,,
8/18/2023,151.1,,,,,,,,,,,,,,,,,,,,,,,,,,,,,,
1,,135x10,45x12,,,115x10,,,,,,,,,,,,,,,,,20x12,,,,,,,,
2,,185x8,45x12,,,115x10,,,,,,,,,,,,,,,,,20x12,,,,,,,,
3,,225x8,45x12,,,135x10,,,,,,,,,,,,,,,,,15x15,,,,,,,,
4,,245x6,,,,135x10,,,,,,,,,,,,,,,,,,,,,,,,,
5,,275x2,,,,135x10,,,,,,,,,,,,,,,,,,,,,,,,,
6,,,,,,,,,,,,,,,,,,,,,,,,,,,,,,,
super,,,,,,,,,,,,,,,,,,,,,,,,,,,,,,,
,,,,,,,,,,,,,,,,,,,,,,,,,,,,,,,
8/20/2023,151.2,,,,,,,,,,,,,,,,,,,,,,,,,,,,,,
1,,135x10,,,,95x10,,,,,,,,,,,,,,,,,,,,,,,,,
2,,185x8,,,,135x10,,,,,,,,,,,,,,,,,,,,,,,,,
3,,225x8,,,,145x6,,,,,,,,,,,,,,,,,,,,,,,,,
4,,245x4,,,,155x4,,,,,,,,,,,,,,,,,,,,,,,,,
5,,245x5,,,,115x10,,,,,,,,,,,,,,,,,,,,,,,,,
6,,,,,,,,,,,,,,,,,,,,,,,,,,,,,,,
super,,,,,,,,,,,,,,,,,,,,,,,,,,,,,,,
,,,,,,,,,,,,,,,,,,,,,,,,,,,,,,,
8/22/2023,151.4,,,,,,,,,,,,,,,,,,,,,,,,,,,,,,
1,,135x10,,,,115x10,,,65x10,,,,70x10,,,,,,,,,,,,,,,,,,
2,,185x8,,,,135x10,,,85x8,,,,80x10,,,,,,,,,,,,,,,,,,
3,,225x8,,,,145x7,,,105x6,,,,90x8,,,,,,,,,,,,,,,,,,
4,,245x6,,,,155x4,,,85x10,,,,100x5,,,,,,,,,,,,,,,,,,
5,,275x4,,,,115x10,,,,,,,,,,,,,,,,,,,,,,,,,
6,,,,,,,,,,,,,,,,,,,,,,,,,,,,,,,
super,,,,,,,,,,,,,,,,,,,,,,,,,,,,,,,
,,,,,,,,,,,,,,,,,,,,,,,,,,,,,,,
8/24/2023,151.4,,,,,,,,,,,,,,,,,,,,,,,,,,,,,,
1,,135x10,,,,,,,95x8,,,60x15,,,,,,,,,,,,,,,,,,,
2,,225x8,,,,,,,95x8,,,80x12,,,,,,,,,,,,,,,,,,,
3,,245x6,,,,,,,105x7,,,90x10,,,,,,,,,,,,,,,,,,,
4,,275x3,,,,,,,105x7,,,100x9,,,,,,,,,,,,,,,,,,,
5,,275x3,,,,,,,95x8,,,100x10,,,,,,,,,,,,,,,,,,,
6,,225x5,,,,,,,,,,,,,,,,,,,,,,,,,,,,,
super,,,,,,,,,,,,,,,,,,,,,,,,,,,,,,,
,,,,,,,,,,,,,,,,,,,,,,,,,,,,,,,
8/27/2023,151.4,,,,,,,,,,,,,,,,,,,,,,,,,,,,,,
1,,135x10,,,,115x10,,,95x8,,,,70x10,,,,,,,,,,,,,,,,,,
2,,225x7,,,,135x10,,,95x10,,,,80x10,,,,,,,,,,,,,,,,,,
3,,245x6,,,,145x8,,,115x7,,,,90x10,,,,,,,,,,,,,,,,,,
4,,245x6,,,,155x6,,,115x7,,,,100x6,,,,,,,,,,,,,,,,,,
5,,225x7,,,,165x4,,,,,,,,,,,,,,,,,,,,,,,,,
6,,,,,,,,,,,,,,,,,,,,,,,,,,,,,,,
super,,,,,,,,,,,,,,,,,,,,,,,,,,,,,,,
,,,,,,,,,,,,,,,,,,,,,,,,,,,,,,,
8/29/2023,151.6,,,,,,,,,,,,,,,,,,,,,,,,,,,,,,
1,,135x10,45x10,,,,,,95x10,,,,70x10,,,,,,,,,,,,,,,,,,
2,,225x8,65x10,,,,,,95x10,,,,80x10,,,,,,,,,,,,,,,,,,
3,,245x6,95x5,,,,,,115x10,,,,90x10,,,,,,,,,,,,,,,,,,
4,,275x4,95x5,,,,,,115x10,,,,100x6,,,,,,,,,,,,,,,,,,
5,,275x4,45x12,,,,,,,,,,,,,,,,,,,,,,,,,,,,
6,,225x6,,,,,,,,,,,,,,,,,,,,,,,,,,,,,
super,,,,,,,,,,,,,,,,,,,,,,,,,,,,,,,
,,,,,,,,,,,,,,,,,,,,,,,,,,,,,,,
8/31/2023,151.5,,,,,,,,,,,,,,,,,,,,,,,,,,,,,,
1,,135x8,,,,115x10,,,95x10,,,,80x10,,,,,,,,,,,,,,,,,,
2,,225x8,,,,135x10,,,115x10,,,,90x10,,,,,,,,,,,,,,,,,,
3,,245x6,,,,155x7,,,115x10,,,,100x6,,,,,,,,,,,,,,,,,,
4,,275x4,,,,155x7,,,115x10,,,,100x6,,,,,,,,,,,,,,,,,,
5,,275x5,,,,165x4,,,,,,,,,,,,,,,,,,,,,,,,,
6,,225x6,,,,135x7,,,,,,,,,,,,,,,,,,,,,,,,,
super,,,,,,,,,,,,,,,,,,,,,,,,,,,,,,,
,,,,,,,,,,,,,,,,,,,,,,,,,,,,,,,
9/3/2023,151.6,,,,,,,,,,,,,,,,,,,,,,,,,,,,,,
1,,135x8,,,,,,,,,15x12,60x15,80x10,,,,,,,,,,,,,,,,,,
2,,225x8,,,,,,,,,20x8,80x12,90x10,,,,,,,,,,,,,,,,,,
3,,245x6,,,,,,,,,,100x8,100x6,,,,,,,,,,,,,,,,,,
4,,275x6,,,,,,,,,,100x8,100x6,,,,,,,,,,,,,,,,,,
5,,225x3,,,,,,,,,,,,,,,,,,,,,,,,,,,,,
6,,,,,,,,,,,,,,,,,,,,,,,,,,,,,,,
super,,,,,,,,,,,,,,,,,,,,,,,,,,,,,,,
,,,,,,,,,,,,,,,,,,,,,,,,,,,,,,,
9/6/2023,151.8,,,,,,,,,,,,,,,,,,,,,,,,,,,,,,
1,,135x10,45x10,,,115x10,,,,,,,80x10,,,,,,,,,,,,,,,,,,
2,,185x6,65x10,,,135x10,,,,,,,90x10,,,,,,,,,,,,,,,,,,
3,,185x6,65x10,,,155x7,,,,,,,100x6,,,,,,,,,,,,,,,,,,
4,,225x6,95x5,,,155x7,,,,,,,110x3,,,,,,,,,,,,,,,,,,
5,,225x6,95x5,,,170x3,,,,,,,,,,,,,,,,,,,,,,,,,
6,,,,,,95x22,,,,,,,,,,,,,,,,,,,,,,,,,
super,,,,,,,,,,,,,,,,,,,,,,,,,,,,,,,
,,,,,,,,,,,,,,,,,,,,,,,,,,,,,,,
9/10/2023,152.2,,,,,,,,,,,,,,,,,,,,,,,,,,,,,,
1,,135x10,,,,115x10,,,95x10,,,,,,,,,,,,,,,,x,,,,,,
2,,185x8,,,,135x10,,,115x10,,,,,,,,,,,,,,,,,,,,,,
3,,225x6,,,,155x7,,,115x7,,,,,,,,,,,,,,,,,,,,,,
4,,245x5,,,,155x7,,,95x14,,,,,,,,,,,,,,,,,,,,,,
5,,265x4,,,,165x5,,,,,,,,,,,,,,,,,,,,,,,,,
6,,,,,,95x25,,,,,,,,,,,,,,,,,,,,,,,,,
super,,,,,,,,,,,,,,,,,,,,,,,,,,,,,,,
,,,,,,,,,,,,,,,,,,,,,,,,,,,,,,,
9/12/2023,152.4,,,,,,,,,,,,,,,,,,,,,,,,,,,,,,
1,,,,,,,,,,,,80x10,,,,,7,,,,,85x10,,,,75x10,,,,,
2,,,,,,,,,,,,100x8,,,,,7,,,,,100x10,,,,95x10,,,,,
3,,,,,,,,,,,,110x7,,,,,7,,,,,100x10,,,,115x10,,,,,
4,,,,,,,,,,,,120x7,,,,,7,,,,,100x10,,,,135x8,,,,,
5,,,,,,,,,,,,110x7,,,,,,,,,,,,,,,,,,,
6,,,,,,,,,,,,80x16,,,,,,,,,,,,,,,,,,,
super,,,,,,,,,,,,,,,,,,,,,,,,,,,,,,,
,,,,,,,,,,,,,,,,,,,,,,,,,,,,,,,
9/13/2023,152.2,,,,,,,,,,,,,,,,,,,,,,,,,,,,,,
1,,135x8,,,,115x10,,,95x12,,15x12,,,,,,,,,,,,,,,,,,,,
2,,185x8,,,,135x10,,,95x12,,20x10,,,,,,,,,,,,,,,,,,,,
3,,225x8,,,,155x7,,,95x15,,20x10,,,,,,,,,,,,,,,,,,,,
4,,245x6,,,,155x7,,,,,,,,,,,,,,,,,,,,,,,,,
5,,275x3,,,,170x4,,,,,,,,,,,,,,,,,,,,,,,,,
6,,,,,,135x8,,,,,,,,,,,,,,,,,,,,,,,,,
super,,,,,,,,,,,,,,,,,,,,,,,,,,,,,,,
,,,,,,,,,,,,,,,,,,,,,,,,,,,,,,,
9/25/2023,152.7,,,,,,,,,,,,,,,,,,,,,,,,,,,,,,
1,,135x12,,,,115x12,,,95x10,,,,,,,,,,,,,,,,,,,,,,
2,,185x10,,,,135x10,,,95x10,,,,,,,,,,,,,,,,,,,,,,
3,,225x6,,,,155x7,,,115x8,,,,,,,,,,,,,,,,,,,,,,
4,,245x5,,,,155x7,,,115x8,,,,,,,,,,,,,,,,,,,,,,
5,,245x5,,,,138x8,,,,,,,,,,,,,,,,,,,,,,,,,
6,,,,,,,,,,,,,,,,,,,,,,,,,,,,,,,
super,,,,,,,,,,,,,,,,,,,,,,,,,,,,,,,
,,,,,,,,,,,,,,,,,,,,,,,,,,,,,,,
9/27/2023,152.6,,,,,,,,,,,,,,,,,,,,,,,,,,,,,,
1,,,45x10,,,115x10,,,,,,,,,,,,,,,,,,,,,,,,,
2,,,65x10,,,135x10,,,,,,,,,,,,,,,,,,,,,,,,,
3,,,85x7,,,155x7,,,,,,,,,,,,,,,,,,,,,,,,,
4,,,85x7,,,165x5,,,,,,,,,,,,,,,,,,,,,,,,,
5,,,,,,175x2,,,,,,,,,,,,,,,,,,,,,,,,,
6,,,,,,135x10,,,,,,,,,,,,,,,,,,,,,,,,,
super,,,,,,,,,,,,,,,,,,,,,,,,,,,,,,,
,,,,,,,,,,,,,,,,,,,,,,,,,,,,,,,
9/28/2023,152.9,,,,,,,,,,,,,,,,,,,,,,,,,,,,,,
1,,135x10,45x10,,,,,,95x10,,20x10,,,,,,,,,,,,,,,,,,,,
2,,185x8,65x10,,,,,,115x10,,20x10,,,,,,,,,,,,,,,,,,,,
3,,225x6,85x8,,,,,,135x6,,,,,,,,,,,,,,,,,,,,,,
4,,245x5,95x6,,,,,,135x6,,,,,,,,,,,,,,,,,,,,,,
5,,265x4,,,,,,,,,,,,,,,,,,,,,,,,,,,,,
6,,,,,,,,,,,,,,,,,,,,,,,,,,,,,,,
super,,,,,,,,,,,,,,,,,,,,,,,,,,,,,,,
,,,,,,,,,,,,,,,,,,,,,,,,,,,,,,,
9/30/2023,153.1,,,,,,,,,,,,,,,,,,,,,,,,,,,,,,
1,,135x10,,,,135x10,,,,,,,,,,,8,,,,,,,,,,,,,,
2,,185x8,,,,155x7,,,,,,,,,,,8,,,,,,,,,,,,,,
3,,225x4,,,,165x6,,,,,,,,,,,8,,,,,,,,,,,,,,
4,,245x4,,,,175x4,,,,,,,,,,,,,,,,,,,,,,,,,
5,,275x4,,,,185x2,,,,,,,,,,,,,,,,,,,,,,,,,
6,,295x2,,,,,,,,,,,,,,,,,,,,,,,,,,,,,
super,,,,,,,,,,,,,,,,,,,,,,,,,,,,,,,
,,,,,,,,,,,,,,,,,,,,,,,,,,,,,,,
10/3/2023,153.0,,,,,,,,,,,,,,,,,,,,,,,,,,,,,,
1,,135x10,,,,135x10,,,95x10,,,,,,,,,,,,,,,,,,,,,,
2,,185x8,,,,155x7,,,115x10,,,,,,,,,,,,,,,,,,,,,,
3,,225x8,,,,175x5,,,135x8,,,,,,,,,,,,,,,,,,,,,,
4,,275x5,,,,135x10,,,135x8,,,,,,,,,,,,,,,,,,,,,,
5,,275x5,,,,135x10,,,,,,,,,,,,,,,,,,,,,,,,,
6,,,,,,,,,,,,,,,,,,,,,,,,,,,,,,,
super,,,,,,,,,,,,,,,,,,,,,,,,,,,,,,,
,,,,,,,,,,,,,,,,,,,,,,,,,,,,,,,
10/6/2023,153.2,,,,,,,,,,,,,,,,,,,,,,,,,,,,,,
1,,135x10,,,,135x10,95x10,,95x10,,,,,,,,7,,,,,,,,,,80x10,,,,
2,,185x8,,,,135x14,95x10,,115x10,,,,,,,,7,,,,,,,,,,100x8,,,,
3,,225x6,,,,155x7,95x10,,135x8,,,,,,,,7,,,,,,,,,,120x6,,,,
4,,275x4,,,,155x9,95x10,,135x8,,,,,,,,,,,,,,,,,,100x10,,,,
5,,275x4,,,,,,,,,,,,,,,,,,,,,,,,,,,,,
6,,,,,,,,,,,,,,,,,,,,,,,,,,,,,,,
super,,,,,,,,,,,,,,,,,,,,,,,,,,,,,,,
,,,,,,,,,,,,,,,,,,,,,,,,,,,,,,,
10/8/2023,153.3,,,,,,,,,,,,,,,,,,,,,,,,,,,,,,
1,,,45x10,,,,,,,,,,,,,,,,,,,,,,,,,,,,
2,,,65x10,,,,,,,,,,,,,,,,,,,,,,,,,,,,
3,,,85x10,,,,,,,,,,,,,,,,,,,,,,,,,,,,
4,,,95x7,,,,,,,,,,,,,,,,,,,,,,,,,,,,
5,,,,,,,,,,,,,,,,,,,,,,,,,,,,,,,
6,,,,,,,,,,,,,,,,,,,,,,,,,,,,,,,
super,,,,,,,,,,,,,,,,,,,,,,,,,,,,,,,
,,,,,,,,,,,,,,,,,,,,,,,,,,,,,,,
10/10/2023,153.2,,,,,,,,,,,,,,,,,,,,,,,,,,,,,,
1,,135x10,,,,115x12,,,,,,,,,,,,,,,,,,,,,80x10,,,,
2,,185x8,,,,135x12,,,,,,,,,,,,,,,,,,,,,100x10,,,,
3,,225x6,,,,135x12,,,,,,,,,,,,,,,,,,,,,100x10,,,,
4,,275x5,,,,155x4,,,,,,,,,,,,,,,,,,,,,80x10,,,,
5,,275x5,,,,135x10,,,,,,,,,,,,,,,,,,,,,,,,,
6,,,,,,,,,,,,,,,,,,,,,,,,,,,,,,,
super,,,,,,,,,,,,,,,,,,,,,,,,,,,,,,,
,,,,,,,,,,,,,,,,,,,,,,,,,,,,,,,
10/13/2023,153.5,,,,,,,,,,,,,,,,,,,,,,,,,,,,,,
1,,135x10,,,,115x12,,,95x10,,,,,,,,,,,,,,,,,,,,,,
2,,185x8,,,,135x12,,,115x10,,,,,,,,,,,,,,,,,,,,,,
3,,225x6,,,,155x8,,,135x8,,,,,,,,,,,,,,,,,,,,,,
4,,275x6,,,,175x5,,,135x10,,,,,,,,,,,,,,,,,,,,,,
5,,275x6,,,,155x8,,,,,,,,,,,,,,,,,,,,,,,,,
6,,,,,,,,,,,,,,,,,,,,,,,,,,,,,,,
super,,,,,,,,,,,,,,,,,,,,,,,,,,,,,,,
,,,,,,,,,,,,,,,,,,,,,,,,,,,,,,,
10/14/2023,153.5,,,,,,,,,,,,,,,,,,,,,,,,,,,,,,
1,,,,,,,95x10,,,,,,35x10,,,,,,,,,,,,,,80x10,,,,
2,,,,,,,115x10,,,,,,45x7,,,,,,,,,,,,,,100x10,,,,
3,,,,,,,135x6,,,,,,45x7,,,,,,,,,,,,,,100x12,,,,
4,,,,,,,115x8,,,,,,45x7,,,,,,,,,,,,,,80x12,,,,
5,,,,,,,115x8,,,,,,,,,,,,,,,,,,,,,,,,
6,,,,,,,95x10,,,,,,,,,,,,,,,,,,,,,,,,
super,,,,,,,,,,,,,,,,,,,,,,,,,,,,,,,
,,,,,,,,,,,,,,,,,,,,,,,,,,,,,,,
10/16/2023,153.7,,,,,,,,,,,,,,,,,,,,,,,,,,,,,,
1,,135x10,45x10,,,,95x10,,,,,,,,,,,,,,,,,,,,,,,,
2,,185x8,65x10,,,,115x10,,,,,,,,,,,,,,,,,,,,,,,,
3,,225x6,85x10,,,,135x5,,,,,,,,,,,,,,,,,,,,,,,,
4,,275x6,95x7,,,,135x6,,,,,,,,,,,,,,,,,,,,,,,,
5,,275x6,,,,,115x10,,,,,,,,,,,,,,,,,,,,,,,,
6,,,,,,,110x10,,,,,,,,,,,,,,,,,,,,,,,,
super,,,,,,,,,,,,,,,,,,,,,,,,,,,,,,,
,,,,,,,,,,,,,,,,,,,,,,,,,,,,,,,
10/19/2023,153.8,,,,,,,,,,,,,,,,,,,,,,,,,,,,,,
1,,135x10,,,,115x12,,,,,,,,,,,,,,,,,,,,,,,,,
2,,185x10,,,,135x12,,,,,,,,,,,,,,,,,,,,,,,,,
3,,225x8,,,,155x8,,,,,,,,,,,,,,,,,,,,,,,,,
4,,275x6,,,,175x4,,,,,,,,,,,,,,,,,,,,,,,,,
5,,225x8,,,,135x12,,,,,,,,,,,,,,,,,,,,,,,,,
6,,,,,,135x12,,,,,,,,,,,,,,,,,,,,,,,,,
super,,,,,,,,,,,,,,,,,,,,,,,,,,,,,,,
,,,,,,,,,,,,,,,,,,,,,,,,,,,,,,,
10/22/2023,153.6,,,,,,,,,,,,,,,,,,,,,,,,,,,,,,
1,,135x10,,,,,,,,,20x10,80x10,,,,,,,,,,,,,,,,80x10,,,
2,,225x8,,,,,,,,,20x10,100x8,,,,,,,,,,,,,,,,100x7,,,
3,,275x6,,,,,,,,,20x10,110x7,,,,,,,,,,,,,,,,100x7,,,
4,,275x5,,,,,,,,,,120x7,,,,,,,,,,,,,,,,100x7,,,
5,,275x3,,,,,,,,,,120x7,,,,,,,,,,,,,,,,,,,
6,,,,,,,,,,,,,,,,,,,,,,,,,,,,,,,
dropset,,,,,,,,,,,,,,,,,,,,,,,,,,,,,,,
,,,,,,,,,,,,,,,,,,,,,,,,,,,,,,,
10/24/2023,153.7,,,,,,,,,,,,,,,,,,,,,,,,,,,,,,
1,,135x10,,,,115x12,,,,,,,80x10,,,,,,,,,,,,,,,80x10,,,
2,,225x8,,,,135x12,,,,,,,90x4,,,,,,,,,,,,,,,100x7,,,
3,,275x6,,,,155x7,,,,,,,60x12,,,,,,,,,,,,,,,100x7,,,
4,,295x3,,,,175x4,,,,,,,,,,,,,,,,,,,,,,100x7,,,
5,,275x4,,,,185x3,,,,,,,,,,,,,,,,,,,,,,,,,
6,,,,,,135x12,,,,,,,,,,,,,,,,,,,,,,,,,
dropset,,,,,,,,,,,,,,,,,,,,,,,,,,,,,,,
,,,,,,,,,,,,,,,,,,,,,,,,,,,,,,,
10/26/2023,153.7,,,,,,,,,,,,,,,,,,,,,,,,,,,,,,
1,,135x10,,,,115x12,,,,,,,,,,,,,,,,80x10,,,,,,,,,
2,,225x6,,,,135x12,,,,,,,,,,,,,,,,100x10,,,,,,,,,
3,,275x4,,,,155x7,,,,,,,,,,,,,,,,100x10,,,,,,,,,
4,,295x2,,,,175x4,,,,,,,,,,,,,,,,110x10,,,,,,,,,
5,,315x2,,,,185x3,,,,,,,,,,,,,,,,,,,,,,,,,
6,,,,,,135x12,,,,,,,,,,,,,,,,,,,,,,,,,
dropset,,,,,,,,,,,,,,,,,,,,,,,,,,,,,,,
,,,,,,,,,,,,,,,,,,,,,,,,,,,,,,,
10/30/2023,154.1,,,,,,,,,,,,,,,,,,,,,,,,,,,,,,
1,,135x10,,,,115x12,,,,,,,,,,,,,,,,,20x12,,,,,,90x10,,
2,,225x8,,,,135x12,,,,,,,,,,,,,,,,,20x12,,,,,,90x10,,
3,,275x6,,,,155x7,,,,,,,,,,,,,,,,,20x12,,,,,,140x7,,
4,,295x3,,,,175x5,,,,,,,,,,,,,,,,,20x12,,,,,,140x10,,
5,,275x4,,,,175x5,,,,,,,,,,,,,,,,,,,,,,,,,
6,,,,,,135x12,,,,,,,,,,,,,,,,,,,,,,,,,
dropset,,,,,,,,,,,,,,,,,,,,,,,,,,,,,,,
,,,,,,,,,,,,,,,,,,,,,,,,,,,,,,,
11/1/2023,154.3,,,,,,,,,,,,,,,,,,,,,,,,,,,,,,
1,,,45x10,,,,,,95x10,,,80x10,,,,,,,,,,,,,,,80x10,80x10,,,
2,,,65x10,,,,,,135x8,,,100x8,,,,,,,,,,,,,,,100x8,100x7,,,
3,,,95x7,,,,,,135x8,,,120x6,,,,,,,,,,,,,,,100x8,100x7,,,
4,,,95x7,,,,,,155x6,,,120x6,,,,,,,,,,,,,,,120x6,100x7,,,
5,,,,,,,,,135x6,,,120x6,,,,,,,,,,,,,,,,,,,
6,,,,,,,,,,,,,,,,,,,,,,,,,,,,,,,
dropset,,,,,,,,,,,,,,,,,,,,,,,,,,,,,,,
,,,,,,,,,,,,,,,,,,,,,,,,,,,,,,,
11/3/2023,154.5,,,,,,,,,,,,,,,,,,,,,,,,,,,,,,
1,,135x10,45x10,135x10,,,,,,,,,80x10,,,,,,,,,,,,,,,,,,
2,,225x8,65x10,,,,,,,,,,80x10,,,,,,,,,,,,,,,,,,
3,,275x6,95x7,,,,,,,,,,90x4,,,,,,,,,,,,,,,,,,
4,,295x4,105x4,,,,,,,,,,60x12,,,,,,,,,,,,,,,,,,
5,,275x4,,,,,,,,,,,,,,,,,,,,,,,,,,,,,
6,,,,,,,,,,,,,,,,,,,,,,,,,,,,,,,
dropset,,,,,,,,,,,,,,,,,,,,,,,,,,,,,,,
,,,,,,,,,,,,,,,,,,,,,,,,,,,,,,,
11/6/2023,154.5,,,,,,,,,,,,,,,,,,,,,,,,,,,,,,
1,,,,135x10,,115x12,,,,,25x7,,80x10,,,,,,,,,,,,,,,,,,
2,,,,225x8,,135x12,,,,,25x8,,80x10,,,,,,,,,,,,,,,,,,
3,,,,225x8,,155x7,,,,,25x8,,90x5,,,,,,,,,,,,,,,,,,
4,,,,275x5,,175x5,,,,,,,60x8,,,,,,,,,,,,,,,,,,
5,,,,275x5,,185x3,,,,,,,,,,,,,,,,,,,,,,,,,
6,,,,,,135x12,,,,,,,,,,,,,,,,,,,,,,,,,
dropset,,,,,,,,,,,,,,,,,,,,,,,,,,,,,,,
,,,,,,,,,,,,,,,,,,,,,,,,,,,,,,,
11/7/2023,154.3,,,,,,,,,,,,,,,,,,,,,,,,,,,,,,
1,,135x10,45x10,,,,,,,,,,,,,,,,,,,,25x8,,,,,80x10,,,
2,,225x8,65x10,,,,,,,,,,,,,,,,,,,,25x8,,,,,100x8,,,
3,,275x6,95x7,,,,,,,,,,,,,,,,,,,,25x8,,,,,100x8,,,
4,,295x4,105x5,,,,,,,,,,,,,,,,,,,,25x8,,,,,120x6,,,
5,,315x2,115x3,,,,,,,,,,,,,,,,,,,,,,,,,,,,
6,,,95x7,,,,,,,,,,,,,,,,,,,,,,,,,,,,
dropset,,,,,,,,,,,,,,,,,,,,,,,,,,,,,,,
,,,,,,,,,,,,,,,,,,,,,,,,,,,,,,,
11/10/2023,154.6,,,,,,,,,,,,,,,,,,,,,,,,,,,,,,
1,,,,135x10,,115x12,,,,,,,,60x10,,,,,,,,,25x8,,,,,,,,
2,,,,225x8,,135x10,,,,,,,,60x10,,,,,,,,,25x8,,,,,,,,
3,,,,275x6,,155x8,,,,,,,,60x10,,,,,,,,,25x8,,,,,,,,
4,,,,295x4,,175x6,,,,,,,,,,,,,,,,,25x8,,,,,,,,
5,,,,315x3,,185x4,,,,,,,,,,,,,,,,,,,,,,,,,
6,,,,,,135x10,,,,,,,,,,,,,,,,,,,,,,,,,
dropset,,,,,,,,,,,,,,,,,,,,,,,,,,,,,,,
,,,,,,,,,,,,,,,,,,,,,,,,,,,,,,,
11/13/2023,154.9,,,,,,,,,,,,,,,,,,,,,,,,,,,,,,
1,,135x10,,,,135x10,,,,,,,,,,,,,,,,,25x8,,,,80x10,,,,
2,,225x8,,,,155x8,,,,,,,,,,,,,,,,,25x8,,,,100x10,,,,
3,,275x6,,,,175x6,,,,,,,,,,,,,,,,,25x8,,,,120x6,,,,
4,,315x3,,,,185x4,,,,,,,,,,,,,,,,,25x8,,,,120x6,,,,
5,,315x3,,,,185x4,,,,,,,,,,,,,,,,,,,,,,,,,
6,,,,,,135x10,,,,,,,,,,,,,,,,,,,,,,,,,
dropset,,,,,,,,,,,,,,,,,,,,,,,,,,,,,,,
,,,,,,,,,,,,,,,,,,,,,,,,,,,,,,,
11/15/2023,154.7,,,,,,,,,,,,,,,,,,,,,,,,,,,,,,
1,,,,135x10,,135x10,,,,,,,,60x12,,,,,,,,,,,,,,,,,
2,,,,225x8,,155x8,,,,,,,,60x7,,,,,,,,,,,,,,,,,
3,,,,275x6,,185x4,,,,,,,,60x7,,,,,,,,,,,,,,,,,
4,,,,315x4,,185x4,,,,,,,,,,,,,,,,,,,,,,,,,
5,,,,335x2,,155x8,,,,,,,,,,,,,,,,,,,,,,,,,
6,,,,,,135x10,,,,,,,,,,,,,,,,,,,,,,,,,
dropset,,,,,,,,,,,,,,,,,,,,,,,,,,,,,,,
,,,,,,,,,,,,,,,,,,,,,,,,,,,,,,,
11/18/2023,154.9,,,,,,,,,,,,,,,,,,,,,,,,,,,,,,
1,,135x10,,,,135x10,,,,,,,,,,,,,,,,80x10,,,,,,,,,
2,,225x8,,,,155x8,,,,,,,,,,,,,,,,100x10,,,,,,,,,
3,,275x6,,,,175x6,,,,,,,,,,,,,,,,120x10,,,,,,,,,
4,,315x3,,,,175x6,,,,,,,,,,,,,,,,140x6,,,,,,,,,
5,,315x3,,,,135x8,,,,,,,,,,,,,,,,,,,,,,,,,
6,,,,,,,,,,,,,,,,,,,,,,,,,,,,,,,
dropset,,,,,,,,,,,,,,,,,,,,,,,,,,,,,,,
,,,,,,,,,,,,,,,,,,,,,,,,,,,,,,,
11/20/2023,154.8,,,,,,,,,,,,,,,,,,,,,,,,,,,,,,
1,,,45x10,,,,,,95x10,,,,,60x10,,,,,,,,,25x8,,,,,,,,
2,,,65x10,,,,,,135x8,,,,,60x9,,,,,,,,,25x8,,,,,,,,
3,,,95x7,,,,,,135x8,,,,,60x10,,,,,,,,,25x8,,,,,,,,
4,,,105x6,,,,,,155x6,,,,,,,,,,,,,,25x8,,,,,,,,
5,,,115x4,,,,,,155x6,,,,,,,,,,,,,,,,,,,,,,
6,,,95x8,,,,,,,,,,,,,,,,,,,,,,,,,,,,
dropset,,,,,,,,,,,,,,,,,,,,,,,,,,,,,,,
,,,,,,,,,,,,,,,,,,,,,,,,,,,,,,,
11/22/2023,155.1,,,,,,,,,,,,,,,,,,,,,,,,,,,,,,
1,,135x10,,,,135x10,,,,,,,40x16,,,,,,,,,,,,,,80x10,,,,
2,,225x8,,,,155x8,,,,,,,40x16,,,,,,,,,,,,,,100x10,,,,
3,,275x6,,,,185x5,,,,,,,,,,,,,,,,,,,,,120x7,,,,
4,,315x3,,,,185x4,,,,,,,,,,,,,,,,,,,,,120x7,,,,
5,,315x3,,,,155x10,,,,,,,,,,,,,,,,,,,,,,,,,
6,,,,,,135x10,,,,,,,,,,,,,,,,,,,,,,,,,
dropset,,,,,,,,,,,,,,,,,,,,,,,,,,,,,,,
,,,,,,,,,,,,,,,,,,,,,,,,,,,,,,,
11/25/2023,155.3,,,,,,,,,,,,,,,,,,,,,,,,,,,,,,
1,,,,135x10,,135x10,,,,,,,40x16,,,,,,,,,,,,,,,,,,
2,,,,225x8,,155x8,,,,,,,40x16,,,,,,,,,,,,,,,,,,
3,,,,275x6,,185x5,,,,,,,,,,,,,,,,,,,,,,,,,
4,,,,315x5,,185x5,,,,,,,,,,,,,,,,,,,,,,,,,
5,,,,335x3,,155x10,,,,,,,,,,,,,,,,,,,,,,,,,
6,,,,355x2,,135x10,,,,,,,,,,,,,,,,,,,,,,,,,
dropset,,,,,,,,,,,,,,,,,,,,,,,,,,,,,,,
,,,,,,,,,,,,,,,,,,,,,,,,,,,,,,,
11/27/2023,155.2,,,,,,,,,,,,,,,,,,,,,,,,,,,,,,
1,,135x10,,,,,95x10,,,,,,,,,,,,,,,,,,,,80x10,80x10,,,
2,,225x8,,,,,115x10,,,,,,,,,,,,,,,,,,,,100x10,100x10,,,
3,,275x6,,,,,135x6,,,,,,,,,,,,,,,,,,,,120x8,120x6,,,
4,,315x3,,,,,135x6,,,,,,,,,,,,,,,,,,,,120x8,120x6,,,
5,,315x3,,,,,115x10,,,,,,,,,,,,,,,,,,,,,,,,
6,,,,,,,110x10,,,,,,,,,,,,,,,,,,,,,,,,
dropset,,,,,,,,,,,,,,,,,,,,,,,,,,,,,,,
,,,,,,,,,,,,,,,,,,,,,,,,,,,,,,,
11/29/2023,155.3,,,,,,,,,,,,,,,,,,,,,,,,,,,,,,
1,,,,135x10,,135x10,,,,,30x8,,,,,,,,,,,,,,,,,,,,
2,,,,225x8,,155x8,,,,,30x8,,,,,,,,,,,,,,,,,,,,
3,,,,315x5,,185x5,,,,,30x8,,,,,,,,,,,,,,,,,,,,
4,,,,335x3,,185x6,,,,,,,,,,,,,,,,,,,,,,,,,
5,,,,355x2,,155x8,,,,,,,,,,,,,,,,,,,,,,,,,
6,,,,355x2,,135x10,,,,,,,,,,,,,,,,,,,,,,,,,
dropset,,,,,,,,,,,,,,,,,,,,,,,,,,,,,,,
,,,,,,,,,,,,,,,,,,,,,,,,,,,,,,,
12/1/2023,155.4,,,,,,,,,,,,,,,,,,,,,,,,,,,,,,
1,,135x10,,,,135x10,,,,,30x10,,50x10,,,,,,,,,,,,,,,,,,
2,,225x8,,,,155x8,,,,,30x10,,50x10,,,,,,,,,,,,,,,,,,
3,,275x6,,,,185x6,,,,,30x10,,,,,,,,,,,,,,,,,,,,
4,,295x5,,,,195x2,,,,,,,,,,,,,,,,,,,,,,,,,
5,,315x3,,,,155x8,,,,,,,,,,,,,,,,,,,,,,,,,
6,,,,,,135x10,,,,,,,,,,,,,,,,,,,,,,,,,
dropset,,,,,,,,,,,,,,,,,,,,,,,,,,,,,,,
,,,,,,,,,,,,,,,,,,,,,,,,,,,,,,,
12/3/2023,155.4,,,,,,,,,,,,,,,,,,,,,,,,,,,,,,
1,,,,135x10,,135x10,,,,,30x10,,,,,,,,,,,,,,,,,,,,
2,,,,225x8,,155x8,,,,,30x10,,,,,,,,,,,,,,,,,,,,
3,,,,315x5,,185x6,,,,,30x10,,,,,,,,,,,,,,,,,,,,
4,,,,335x3,,200x2,,,,,,,,,,,,,,,,,,,,,,,,,
5,,,,365x2,,155x8,,,,,,,,,,,,,,,,,,,,,,,,,
6,,,,,,135x10,,,,,,,,,,,,,,,,,,,,,,,,,
dropset,,,,,,,,,,,,,,,,,,,,,,,,,,,,,,,
,,,,,,,,,,,,,,,,,,,,,,,,,,,,,,,
12/6/2023,155.7,,,,,,,,,,,,,,,,,,,,,,,,,,,,,,
1,,135x10,,,,135x10,,,,,,,,60x10,,,,,,,,,,,,,,,,,
2,,225x8,,,,155x8,,,,,,,,60x10,,,,,,,,,,,,,,,,,
3,,275x6,,,,185x6,,,,,,,,60x10,,,,,,,,,,,,,,,,,
4,,315x3,,,,195x3,,,,,,,,,,,,,,,,,,,,,,,,,
5,,325x2,,,,155x8,,,,,,,,,,,,,,,,,,,,,,,,,
6,,,,,,135x10,,,,,,,,,,,,,,,,,,,,,,,,,
dropset,,,,,,,,,,,,,,,,,,,,,,,,,,,,,,,
,,,,,,,,,,,,,,,,,,,,,,,,,,,,,,,
12/8/2023,155.7,,,,,,,,,,,,,,,,,,,,,,,,,,,,,,
1,,,,135x10,,135x10,,,,,,,,,,,,,,,,,20x10,,,,,,,,
2,,,,225x8,,155x8,,,,,,,,,,,,,,,,,20x10,,,,,,,,
3,,,,315x5,,185x6,,,,,,,,,,,,,,,,,20x10,,,,,,,,
4,,,,365x3,,195x3,,,,,,,,,,,,,,,,,,,,,,,,,
5,,,,375x2,,205x2,,,,,,,,,,,,,,,,,,,,,,,,,
6,,,,,,135x10,,,,,,,,,,,,,,,,,,,,,,,,,
dropset,,,,,,,,,,,,,,,,,,,,,,,,,,,,,,,
,,,,,,,,,,,,,,,,,,,,,,,,,,,,,,,
12/11/2023,155.7,,,,,,,,,,,,,,,,,,,,,,,,,,,,,,
1,,,45x10,,,135x10,,,,,25x12,,,,,,,,,30,,,,,,,,,,,
2,,,65x10,,,155x8,,,,,25x12,,,,,,,,,25x12,,,,,,,,,,,
3,,,95x8,,,185x6,,,,,25x12,,,,,,,,,,,,,,,,,,,,
4,,,95x5,,,195x4,,,,,,,,,,,,,,,,,,,,,,,,,
5,,,,,,185x5,,,,,,,,,,,,,,,,,,,,,,,,,
6,,,,,,135x10,,,,,,,,,,,,,,,,,,,,,,,,,
dropset,,,,,,,,,,,,,,,,,,,,,,,,,,,,,,,
,,,,,,,,,,,,,,,,,,,,,,,,,,,,,,,
12/14/2023,155.9,,,,,,,,,,,,,,,,,,,,,,,,,,,,,,
1,,135x10,,,,135x10,,,,,25x12,,,,,,,,,,,,,,,,,,,,
2,,225x8,,,,155x8,,,,,25x12,,,,,,,,,,,,,,,,,,,,
3,,275x6,,,,185x7,,,,,25x12,,,,,,,,,,,,,,,,,,,,
4,,295x5,,,,195x5,,,,,,,,,,,,,,,,,,,,,,,,,
5,,295x5,,,,185x6,,,,,,,,,,,,,,,,,,,,,,,,,
6,,,,,,135x10,,,,,,,,,,,,,,,,,,,,,,,,,
dropset,,,,,,,,,,,,,,,,,,,,,,,,,,,,,,,
,,,,,,,,,,,,,,,,,,,,,,,,,,,,,,,
12/16/2023,156.1,,,,,,,,,,,,,,,,,,,,,,,,,,,,,,
1,,,,135x10,,135x10,,,,,,,,,,,,,,,,,,,,,80x10,,,,
2,,,,225x8,,155x8,,,,,,,,,,,,,,,,,,,,,100x10,,,,
3,,,,315x5,,185x7,,,,,,,,,,,,,,,,,,,,,120x8,,,,
4,,,,365x4,,195x6,,,,,,,,,,,,,,,,,,,,,140x5,,,,
5,,,,385x2,,185x6,,,,,,,,,,,,,,,,,,,,,,,,,
6,,,,,,135x10,,,,,,,,,,,,,,,,,,,,,,,,,
dropset,,,,,,,,,,,,,,,,,,,,,,,,,,,,,,,
,,,,,,,,,,,,,,,,,,,,,,,,,,,,,,,
12/18/2023,156.1,,,,,,,,,,,,,,,,,,,,,,,,,,,,,,
1,,135x10,,,,135x10,,,,,,,,,,,,,,,,,,,,,,,,,
2,,225x8,,,,155x8,,,,,,,,,,,,,,,,,,,,,,,,,
3,,275x6,,,,185x7,,,,,,,,,,,,,,,,,,,,,,,,,
4,,295x5,,,,185x5,,,,,,,,,,,,,,,,,,,,,,,,,
5,,295x5,,,,155x10,,,,,,,,,,,,,,,,,,,,,,,,,
6,,,,,,135x10,,,,,,,,,,,,,,,,,,,,,,,,,
dropset,,,,,,,,,,,,,,,,,,,,,,,,,,,,,,,
,,,,,,,,,,,,,,,,,,,,,,,,,,,,,,,
12/20/2023,156.1,,,,,,,,,,,,,,,,,,,,,,,,,,,,,,
1,,,,135x10,,135x10,,,,,,,,,,,,,,,,,,,,,,,,,
2,,,,225x8,,155x8,,,,,,,,,,,,,,,,,,,,,,,,,
3,,,,315x5,,185x7,,,,,,,,,,,,,,,,,,,,,,,,,
4,,,,365x4,,185x7,,,,,,,,,,,,,,,,,,,,,,,,,
5,,,,395x2,,155x10,,,,,,,,,,,,,,,,,,,,,,,,,
6,,,,,,135x10,,,,,,,,,,,,,,,,,,,,,,,,,
dropset,,,,,,,,,,,,,,,,,,,,,,,,,,,,,,,
,,,,,,,,,,,,,,,,,,,,,,,,,,,,,,,
12/23/2023,156.5,,,,,,,,,,,,,,,,,,,,,,,,,,,,,,
1,,135x10,,,,135x10,,,,,20x15,,50x10,,,,,,,,,,,,,,,,,,
2,,225x8,,,,155x8,,,,,20x15,,50x10,,,,,,,,,,,,,,,,,,
3,,275x6,,,,185x6,,,,,20x15,,50x7,,,,,,,,,,,,,,,,,,
4,,295x5,,,,195x3,,,,,,,,,,,,,,,,,,,,,,,,,
5,,315x4,,,,185x7,,,,,,,,,,,,,,,,,,,,,,,,,
6,,,,,,135x10,,,,,,,,,,,,,,,,,,,,,,,,,
dropset,,,,,,,,,,,,,,,,,,,,,,,,,,,,,,,
,,,,,,,,,,,,,,,,,,,,,,,,,,,,,,,
12/26/2023,156.6,,,,,,,,,,,,,,,,,,,,,,,,,,,,,,
1,,,,135x10,,135x10,,,,,,,50x9,,,,,,12,,,,,,,,,,,,
2,,,,225x8,,155x8,,,,,,,50x9,,,,,,12,,,,,,,,,,,,
3,,,,315x5,,185x6,,,,,,,50x9,,,,,,12,,,,,,,,,,,,
4,,,,365x4,,195x4,,,,,,,,,,,,,,,,,,,,,,,,,
5,,,,405x2,,185x7,,,,,,,,,,,,,,,,,,,,,,,,,
6,,,,,,135x10,,,,,,,,,,,,,,,,,,,,,,,,,
dropset,,,,,,,,,,,,,,,,,,,,,,,,,,,,,,,
,,,,,,,,,,,,,,,,,,,,,,,,,,,,,,,
12/28/2023,156.6,,,,,,,,,,,,,,,,,,,,,,,,,,,,,,
1,,135x10,,,,135x10,,,,,,,,,,,,,13,,,,,,,,80x10,,,,
2,,225x8,,,,155x8,,,,,,,,,,,,,13,,,,,,,,100x10,,,,
3,,275x6,,,,185x6,,,,,,,,,,,,,13,,,,,,,,120x8,,,,
4,,295x5,,,,185x6,,,,,,,,,,,,,,,,,,,,,140x6,,,,
5,,315x4,,,,185x6,,,,,,,,,,,,,,,,,,,,,,,,,
6,,,,,,135x10,,,,,,,,,,,,,,,,,,,,,,,,,
dropset,,,,,,,,,,,,,,,,,,,,,,,,,,,,,,,
,,,,,,,,,,,,,,,,,,,,,,,,,,,,,,,
12/31/2023,156.7,,,,,,,,,,,,,,,,,,,,,,,,,,,,,,
1,,,,135x10,,135x10,,,,,,,,,,,,,15,,,,,,,,,,,225x10,
2,,,,225x8,,155x8,,,,,,,,,,,,,15,,,,,,,,,,,225x10,
3,,,,315x6,,185x6,,,,,,,,,,,,,15,,,,,,,,,,,225x10,
4,,,,365x5,,185x6,,,,,,,,,,,,,,,,,,,,,,,,,
5,,,,405x3,,185x7,,,,,,,,,,,,,,,,,,,,,,,,,
6,,,,,,135x10,,,,,,,,,,,,,,,,,,,,,,,,,
dropset,,,,,,,,,,,,,,,,,,,,,,,,,,,,,,,
,,,,,,,,,,,,,,,,,,,,,,,,,,,,,,,
1/2/2024,156.6,,,,,,,,,,,,,,,,,,,,,,,,,,,,,,
1,,135x10,,,,135x10,,,,,,,,,,,,,16,,,,,,,,80x10,,,,
2,,225x8,,,,155x8,,,,,,,,,,,,,16,,,,,,,,100x10,,,,
3,,275x6,,,,185x7,,,,,,,,,,,,,16,,,,,,,,120x8,,,,
4,,295x5,,,,185x7,,,,,,,,,,,,,,,,,,,,,140x8,,,,
5,,315x4,,,,185x7,,,,,,,,,,,,,,,,,,,,,,,,,
6,,325x2,,,,135x10,,,,,,,,,,,,,,,,,,,,,,,,,
dropset,,,,,,,,,,,,,,,,,,,,,,,,,,,,,,,
,,,,,,,,,,,,,,,,,,,,,,,,,,,,,,,
1/4/2024,156.7,,,,,,,,,,,,,,,,,,,,,,,,,,,,,,
1,,,,135x10,,135x10,,,,,,,,,,,,,17,,,,,,,,,,,,
2,,,,225x8,,155x8,,,,,,,,,,,,,17,,,,,,,,,,,,
3,,,,315x6,,185x7,,,,,,,,,,,,,17,,,,,,,,,,,,
4,,,,365x5,,185x7,,,,,,,,,,,,,,,,,,,,,,,,,
5,,,,405x4,,185x7,,,,,,,,,,,,,,,,,,,,,,,,,
6,,,,,,135x10,,,,,,,,,,,,,,,,,,,,,,,,,
dropset,,,,,,,,,,,,,,,,,,,,,,,,,,,,,,,
1/6/2024,156.7,,,,,,,,,,,,,,,,,,,,,,,,,,,,,,
1,,,,,,,,,,,,,,,,,,,,,,,,,,,,,,,
2,,135x10,,,,135x10,,,,,,,,,,,,,18,,,,,,,,80x10,,,,
3,,225x8,,,,155x8,,,,,,,,,,,,,18,,,,,,,,100x10,,,,
4,,275x6,,,,185x7,,,,,,,,,,,,,18,,,,,,,,120x10,,,,
5,,315x4,,,,195x4,,,,,,,,,,,,,,,,,,,,,140x8,,,,
6,,335x1,,,,205x2,,,,,,,,,,,,,,,,,,,,,,,,,
dropset,,,,,,135x10,,,,,,,,,,,,,,,,,,,,,,,,,
,,,,,,,,,,,,,,,,,,,,,,,,,,,,,,,
1/8/2024,156.9,,,,,,,,,,,,,,,,,,,,,,,,,,,,,,
1,,,,135x10,,135x10,,,,,,,,,,,,,,,,,,,,,,,135x6,,
2,,,,225x8,,155x8,,,,,,,,,,,,,,,,,,,,,,,225x10,,
3,,,,315x6,,185x7,,,,,,,,,,,,,,,,,,,,,,,225x10,,
4,,,,365x5,,195x4,,,,,,,,,,,,,,,,,,,,,,,225x10,,
5,,,,415x2,,195x4,,,,,,,,,,,,,,,,,,,,,,,,,
6,,,,,,135x10,,,,,,,,,,,,,,,,,,,,,,,,,
dropset,,,,,,,,,,,,,,,,,,,,,,,,,,,,,,,
,,,,,,,,,,,,,,,,,,,,,,,,,,,,,,,
1/11/2024,157.0,,,,,,,,,,,,,,,,,,,,,,,,,,,,,,
1,,135x10,,,,135x10,,,,,,,,,,,,,,,,,,,,,,,,,
2,,225x8,,,,155x8,,,,,,,,,,,,,,,,,,,,,,,,,
3,,275x6,,,,185x7,,,,,,,,,,,,,,,,,,,,,,,,,
4,,315x2,,,,195x4,,,,,,,,,,,,,,,,,,,,,,,,,
5,,325x2,,,,195x4,,,,,,,,,,,,,,,,,,,,,,,,,
6,,,,,,135x10,,,,,,,,,,,,,,,,,,,,,,,,,
dropset,,,,,,,,,,,,,,,,,,,,,,,,,,,,,,,
,,,,,,,,,,,,,,,,,,,,,,,,,,,,,,,
1/19/2024,157.3,,,,,,,,,,,,,,,,,,,,,,,,,,,,,,
1,,135x10,,,,135x10,,,,,,,,,,,,,,,,80x10,,,,,,,,,
2,,225x8,,,,155x8,,,,,,,,,,,,,,,,100x10,,,,,,,,,
3,,275x6,,,,185x7,,,,,,,,,,,,,,,,120x10,,,,,,,,,
4,,315x3,,,,195x4,,,,,,,,,,,,,,,,140x8,,,,,,,,,
5,,325x2,,,,195x3,,,,,,,,,,,,,,,,,,,,,,,,,
6,,,,,,135x10,,,,,,,,,,,,,,,,,,,,,,,,,
dropset,,,,,,,,,,,,,,,,,,,,,,,,,,,,,,,
,,,,,,,,,,,,,,,,,,,,,,,,,,,,,,,
1/21/2024,157.3,,,,,,,,,,,,,,,,,,,,,,,,,,,,,,
1,,,,135x10,,135x10,,,,,,,,,,,,,,,,,,,,,,,,225x10,
2,,,,225x8,,155x8,,,,,,,,,,,,,,,,,,,,,,,,275x10,
3,,,,315x6,,185x7,,,,,,,,,,,,,,,,,,,,,,,,315x10,
4,,,,365x5,,195x3,,,,,,,,,,,,,,,,,,,,,,,,,
5,,,,405x2,,215x1,,,,,,,,,,,,,,,,,,,,,,,,,
6,,,,425x1,,135x10,,,,,,,,,,,,,,,,,,,,,,,,,
dropset,,,,,,,,,,,,,,,,,,,,,,,,,,,,,,,
,,,,,,,,,,,,,,,,,,,,,,,,,,,,,,,
1/23/2024,157.5,,,,,,,,,,,,,,,,,,,,,,,,,,,,,,
1,,135x10,,,,135x10,,,,,,,,,,,,,20,,,,,,,,,,,,
2,,225x8,,,,155x8,,,,,,,,,,,,,20,,,,,,,,,,,,
3,,275x6,,,,185x7,,,,,,,,,,,,,20,,,,,,,,,,,,
4,,315x4,,,,195x4,,,,,,,,,,,,,,,,,,,,,,,,,
5,,325x2,,,,195x4,,,,,,,,,,,,,,,,,,,,,,,,,
6,,,,,,135x10,,,,,,,,,,,,,,,,,,,,,,,,,
dropset,,,,,,,,,,,,,,,,,,,,,,,,,,,,,,,
,,,,,,,,,,,,,,,,,,,,,,,,,,,,,,,
1/25/2024,157.5,,,,,,,,,,,,,,,,,,,,,,,,,,,,,,
1,,,,135x10,,135x10,,,,,,,,,,,,,,,,,,,,,,,,225x10,
2,,,,225x8,,155x8,,,,,,,,,,,,,,,,,,,,,,,,315x10,
3,,,,315x6,,185x7,,,,,,,,,,,,,,,,,,,,,,,,315x10,
4,,,,315x4,,205x4,,,,,,,,,,,,,,,,,,,,,,,,,
5,,,,365x4,,225x1,,,,,,,,,,,,,,,,,,,,,,,,,
6,,,,405x2,,135x10,,,,,,,,,,,,,,,,,,,,,,,,,
dropset,,,,,,,,,,,,,,,,,,,,,,,,,,,,,,,
,,,,,,,,,,,,,,,,,,,,,,,,,,,,,,,
1/28/2024,157.9,,,,,,,,,,,,,,,,,,,,,,,,,,,,,,
1,,135x10,,,,135x10,,,,,,,,,,,,,,,,,,,,,,,,,
2,,225x8,,,,155x8,,,,,,,,,,,,,,,,,,,,,,,,,
3,,275x6,,,,185x6,,,,,,,,,,,,,,,,,,,,,,,,,
4,,315x3,,,,185x6,,,,,,,,,,,,,,,,,,,,,,,,,
5,,345x1,,,,185x6,,,,,,,,,,,,,,,,,,,,,,,,,
6,,,,,,135x10,,,,,,,,,,,,,,,,,,,,,,,,,
dropset,,,,,,,,,,,,,,,,,,,,,,,,,,,,,,,
,,,,,,,,,,,,,,,,,,,,,,,,,,,,,,,
1/30/2024,158.1,,,,,,,,,,,,,,,,,,,,,,,,,,,,,,
1,,,,135x10,,,,,,,,,,,,,,,,,,,,,,,,,,,
2,,,,225x8,,,,,,,,,,,,,,,,,,,,,,,,,,,
3,,,,315x6,,,,,,,,,,,,,,,,,,,,,,,,,,,
4,,,,365x4,,,,,,,,,,,,,,,,,,,,,,,,,,,
5,,,,405x2,,,,,,,,,,,,,,,,,,,,,,,,,,,
6,,,,435x1,,,,,,,,,,,,,,,,,,,,,,,,,,,
dropset,,,,,,,,,,,,,,,,,,,,,,,,,,,,,,,
,,,,,,,,,,,,,,,,,,,,,,,,,,,,,,,
2/2/2024,157.9,,,,,,,,,,,,,,,,,,,,,,,,,,,,,,
1,,135x10,,,,135x10,,,,,,,85x10,,,,,,,,,,,,,,80x10,,,,
2,,225x8,,,,155x8,,,,,,,80x5,,,,,,,,,,,,,,100x10,,,,
3,,275x6,,,,185x6,,,,,,,60x8,,,,,,,,,,,,,,120x10,,,,
4,,315x3,,,,205x3,,,,,,,60x8,,,,,,,,,,,,,,140x4,,,,
5,,315x3,,,,185x6,,,,,,,,,,,,,,,,,,,,,,,,,
6,,,,,,135x10,,,,,,,,,,,,,,,,,,,,,,,,,
dropset,,,,,,,,,,,,,,,,,,,,,,,,,,,,,,,
,,,,,,,,,,,,,,,,,,,,,,,,,,,,,,,
2/4/2024,157.8,,,,,,,,,,,,,,,,,,,,,,,,,,,,,,
1,,,,135x10,,135x10,,,,,,,,,,,,,,,,,,,,,,,,,
2,,,,225x8,,155x8,,,,,,,,,,,,,,,,,,,,,,,,,
3,,,,315x6,,185x7,,,,,,,,,,,,,,,,,,,,,,,,,
4,,,,365x4,,195x4,,,,,,,,,,,,,,,,,,,,,,,,,
5,,,,405x2,,185x6,,,,,,,,,,,,,,,,,,,,,,,,,
6,,,,,,135x10,,,,,,,,,,,,,,,,,,,,,,,,,
dropset,,,,,,,,,,,,,,,,,,,,,,,,,,,,,,,
,,,,,,,,,,,,,,,,,,,,,,,,,,,,,,,
2/6/2024,157.8,,,,,,,,,,,,,,,,,,,,,,,,,,,,,,
1,,135x10,,,,135x10,,,,,,,60x8,,,,,,,,25x20,,,,,,,,,,
2,,225x8,,,,155x8,,,,,,,65x8,,,,,,,,25x20,,,,,,,,,,
3,,275x6,,,,185x7,,,,,,,70x8,,,,,,,,,,,,,,,,,,
4,,315x3,,,,195x4,,,,,,,80x6,,,,,,,,,,,,,,,,,,
5,,325x2,,,,205x2,,,,,,,,,,,,,,,,,,,,,,,,,
6,,,,,,135x10,,,,,,,,,,,,,,,,,,,,,,,,,
dropset,,,,,,,,,,,,,,,,,,,,,,,,,,,,,,,
,,,,,,,,,,,,,,,,,,,,,,,,,,,,,,,
2/8/2024,157.6,,,,,,,,,,,,,,,,,,,,,,,,,,,,,,
1,,,,135x10,,135x10,,,,,,,60x8,,,,,,,,25x20,,,,,,,,,,
2,,,,225x8,,155x8,,,,,,,65x8,,,,,,,,25x20,,,,,,,,,,
3,,,,315x6,,185x7,,,,,,,70x8,,,,,,,,,,,,,,,,,,
4,,,,365x4,,195x4,,,,,,,75x8,,,,,,,,,,,,,,,,,,
5,,,,405x2,,205x2,,,,,,,,,,,,,,,,,,,,,,,,,
6,,,,,,135x10,,,,,,,,,,,,,,,,,,,,,,,,,
dropset,,,,,,,,,,,,,,,,,,,,,,,,,,,,,,,
,,,,,,,,,,,,,,,,,,,,,,,,,,,,,,,
2/12/2024,157.4,,,,,,,,,,,,,,,,,,,,,,,,,,,,,,
1,,135x10,,,,135x10,,,,,,,60x8,,,,,,,,25x20,,,,,,,,,,
2,,225x8,,,,155x8,,,,,,,65x8,,,,,,,,25x20,,,,,,,,,,
3,,275x6,,,,185x7,,,,,,,70x8,,,,,,,,,,,,,,,,,,
4,,315x4,,,,195x4,,,,,,,75x8,,,,,,,,,,,,,,,,,,
5,,315x3,,,,205x2,,,,,,,,,,,,,,,,,,,,,,,,,
6,,,,,,135x14,,,,,,,,,,,,,,,,,,,,,,,,,
dropset,,,,,,,,,,,,,,,,,,,,,,,,,,,,,,,
,,,,,,,,,,,,,,,,,,,,,,,,,,,,,,,
2/14/2024,157.6,,,,,,,,,,,,,,,,,,,,,,,,,,,,,,
1,,,,135x10,,135x10,,,,,,,,,,,,,,,,,,,,,,,,,
2,,,,225x8,,155x8,,,,,,,,,,,,,,,,,,,,,,,,,
3,,,,315x6,,185x8,,,,,,,,,,,,,,,,,,,,,,,,,
4,,,,365x4,,195x4,,,,,,,,,,,,,,,,,,,,,,,,,
5,,,,405x2,,205x2,,,,,,,,,,,,,,,,,,,,,,,,,
6,,,,,,135x10,,,,,,,,,,,,,,,,,,,,,,,,,
dropset,,,,,,,,,,,,,,,,,,,,,,,,,,,,,,,
,,,,,,,,,,,,,,,,,,,,,,,,,,,,,,,
2/16/2024,157.6,,,,,,,,,,,,,,,,,,,,,,,,,,,,,,
1,,135x10,,,,135x10,,,,,,,60x8,,,,,,,,25x20,,,,,,,,,,
2,,225x8,,,,155x8,,,,,,,65x8,,,,,,,,25x20,,,,,,,,,,
3,,275x6,,,,185x7,,,,,,,70x8,,,,,,,,,,,,,,,,,,
4,,315x3,,,,195x4,,,,,,,75x8,,,,,,,,,,,,,,,,,,
5,,325x2,,,,205x2,,,,,,,,,,,,,,,,,,,,,,,,,
6,,,,,,135x10,,,,,,,,,,,,,,,,,,,,,,,,,
dropset,,,,,,,,,,,,,,,,,,,,,,,,,,,,,,,
,,,,,,,,,,,,,,,,,,,,,,,,,,,,,,,
2/19/2024,157.4,,,,,,,,,,,,,,,,,,,,,,,,,,,,,,
1,,,,135x10,,135x10,,,,,,,60x8,,,,,,,,25x20,,,,,,,,,,
2,,,,225x8,,155x8,,,,,,,65x8,,,,,,,,25x20,,,,,,,,,,
3,,,,315x6,,185x8,,,,,,,70x8,,,,,,,,,,,,,,,,,,
4,,,,365x4,,195x4,,,,,,,75x8,,,,,,,,,,,,,,,,,,
5,,,,415x2,,205x2,,,,,,,,,,,,,,,,,,,,,,,,,
6,,,,,,135x10,,,,,,,,,,,,,,,,,,,,,,,,,
dropset,,,,,,,,,,,,,,,,,,,,,,,,,,,,,,,
,,,,,,,,,,,,,,,,,,,,,,,,,,,,,,,
2/21/2024,157.5,,,,,,,,,,,,,,,,,,,,,,,,,,,,,,
1,,135x10,,,,135x10,,,,,,,,40x10,,,,,,,,,20x10,,,,,,,,
2,,225x8,,,,155x8,,,,,,,,40x10,,,,,,,,,20x10,,,,,,,,
3,,275x6,,,,185x8,,,,,,,,40x10,,,,,,,,,20x10,,,,,,,,
4,,315x3,,,,205x2,,,,,,,,,,,,,,,,,,,,,,,,,
5,,335x2,,,,205x2,,,,,,,,,,,,,,,,,,,,,,,,,
6,,,,,,135x10,,,,,,,,,,,,,,,,,,,,,,,,,
dropset,,,,,,,,,,,,,,,,,,,,,,,,,,,,,,,
,,,,,,,,,,,,,,,,,,,,,,,,,,,,,,,
2/24/2024,157.4,,,,,,,,,,,,,,,,,,,,,,,,,,,,,,
1,,,,135x10,,135x10,,,,,,,,,,,,,,,35x14,,20x10,,,,,,,,
2,,,,225x8,,155x8,,,,,,,,,,,,,,,35x14,,20x10,,,,,,,,
3,,,,315x6,,185x8,,,,,,,,,,,,,,,,,25x7,,,,,,,,
4,,,,365x4,,205x2,,,,,,,,,,,,,,,,,,,,,,,,,
5,,,,425x1,,205x2,,,,,,,,,,,,,,,,,,,,,,,,,
6,,,,,,135x10,,,,,,,,,,,,,,,,,,,,,,,,,
dropset,,,,,,,,,,,,,,,,,,,,,,,,,,,,,,,
,,,,,,,,,,,,,,,,,,,,,,,,,,,,,,,
2/27/2024,157.1,,,,,,,,,,,,,,,,,,,,,,,,,,,,,,
1,,135x10,,,,135x10,,,,,,,60x8,,,,,,,,,,25x7,,,,,,,,
2,,225x8,,,,155x8,,,,,,,65x8,,,,,,,,,,25x7,,,,,,,,
3,,275x6,,,,185x8,,,,,,,70x8,,,,,,,,,,25x7,,,,,,,,
4,,315x4,,,,205x2,,,,,,,75x8,,,,,,,,,,,,,,,,,,
5,,335x2,,,,205x3,,,,,,,,,,,,,,,,,,,,,,,,,
6,,,,,,135x10,,,,,,,,,,,,,,,,,,,,,,,,,
dropset,,,,,,,,,,,,,,,,,,,,,,,,,,,,,,,
,,,,,,,,,,,,,,,,,,,,,,,,,,,,,,,
3/4/2024,156.8,,,,,,,,,,,,,,,,,,,,,,,,,,,,,,
1,,135x10,,,,135x10,,,,,,,,,,,,,,,35x14,,25x8,,,,,,,,
2,,225x8,,,,155x8,,,,,,,,,,,,,,,35x14,,25x8,,,,,,,,
3,,275x6,,,,185x8,,,,,,,,,,,,,,,,,25x8,,,,,,,,
4,,315x3,,,,195x4,,,,,,,,,,,,,,,,,,,,,,,,,
5,,315x3,,,,195x4,,,,,,,,,,,,,,,,,,,,,,,,,
6,,,,,,135x10,,,,,,,,,,,,,,,,,,,,,,,,,
dropset,,,,,,,,,,,,,,,,,,,,,,,,,,,,,,,
,,,,,,,,,,,,,,,,,,,,,,,,,,,,,,,
3/6/2024,156.8,,,,,,,,,,,,,,,,,,,,,,,,,,,,,,
1,,,,135x10,,135x10,,,,,,,,,,,,,,,45x10,,25x10,,,,,,,,
2,,,,225x8,,155x8,,,,,,,,,,,,,,,45x10,,25x10,,,,,,,,
3,,,,315x6,,185x8,,,,,,,,,,,,,,,,,25x10,,,,,,,,
4,,,,365x4,,195x4,,,,,,,,,,,,,,,,,,,,,,,,,
5,,,,405x2,,205x2,,,,,,,,,,,,,,,,,,,,,,,,,
6,,,,,,,,,,,,,,,,,,,,,,,,,,,,,,,
dropset,,,,,,,,,,,,,,,,,,,,,,,,,,,,,,,
,,,,,,,,,,,,,,,,,,,,,,,,,,,,,,,
3/9/2024,156.7,,,,,,,,,,,,,,,,,,,,,,,,,,,,,,
1,,135x10,,,,135x10,,,,,15x10,,,50x8,,,,,,,,,,,,,,,,,
2,,225x8,,,,155x8,,,,,15x10,,,50x10,,,,,,,,,,,,,,,,,
3,,275x6,,,,185x8,,,,,15x10,,,50x10,,,,,,,,,,,,,,,,,
4,,315x4,,,,195x4,,,,,,,,,,,,,,,,,,,,,,,,,
5,,325x2,,,,205x2,,,,,,,,,,,,,,,,,,,,,,,,,
6,,,,,,135x10,,,,,,,,,,,,,,,,,,,,,,,,,
dropset,,,,,,,,,,,,,,,,,,,,,,,,,,,,,,,
,,,,,,,,,,,,,,,,,,,,,,,,,,,,,,,
3/13/2024,156.6,,,,,,,,,,,,,,,,,,,,,,,,,,,,,,
1,,,,135x10,,135x10,,,,,,,,,,,7,,,,45x12,,,,,,,,,,
2,,,,225x8,,155x8,,,,,,,,,,,7,,,,45x12,,,,,,,,,,
3,,,,315x6,,185x8,,,,,,,,,,,7,,,,,,,,,,,,,,
4,,,,365x4,,195x4,,,,,,,,,,,,,,,,,,,,,,,,,
5,,,,405x3,,205x2,,,,,,,,,,,,,,,,,,,,,,,,,
6,,,,,,135x10,,,,,,,,,,,,,,,,,,,,,,,,,
dropset,,,,,,,,,,,,,,,,,,,,,,,,,,,,,,,
,,,,,,,,,,,,,,,,,,,,,,,,,,,,,,,
3/15/2024,156.6,,,,,,,,,,,,,,,,,,,,,,,,,,,,,,
1,,135x10,,,,135x10,,,,,,,,,,,7,,,,,,,,,,,,,,
2,,225x8,,,,155x8,,,,,,,,,,,7,,,,,,,,,,,,,,
3,,275x6,,,,185x8,,,,,,,,,,,7,,,,,,,,,,,,,,
4,,315x2,,,,195x4,,,,,,,,,,,,,,,,,,,,,,,,,
5,,315x2,,,,205x2,,,,,,,,,,,,,,,,,,,,,,,,,
6,,,,,,135x10,,,,,,,,,,,,,,,,,,,,,,,,,
dropset,,,,,,,,,,,,,,,,,,,,,,,,,,,,,,,
,,,,,,,,,,,,,,,,,,,,,,,,,,,,,,,
3/18/2024,156.6,,,,,,,,,,,,,,,,,,,,,,,,,,,,,,
1,,,,135x10,,135x10,,,,,,,,50x10,,,,,,,,,,,,,,,,,
2,,,,225x8,,155x8,,,,,,,,50x10,,,,,,,,,,,,,,,,,
3,,,,315x6,,185x8,,,,,,,,50x10,,,,,,,,,,,,,,,,,
4,,,,365x4,,195x4,,,,,,,,,,,,,,,,,,,,,,,,,
5,,,,405x3,,205x2,,,,,,,,,,,,,,,,,,,,,,,,,
6,,,,,,135x10,,,,,,,,,,,,,,,,,,,,,,,,,
dropset,,,,,,,,,,,,,,,,,,,,,,,,,,,,,,,
,,,,,,,,,,,,,,,,,,,,,,,,,,,,,,,
3/20/2024,156.7,,,,,,,,,,,,,,,,,,,,,,,,,,,,,,
1,,135x10,,,,135x10,,,,,,,,,,,8,,,,45x14,,,,,,,,,,
2,,225x8,,,,155x8,,,,,,,,,,,7,,,,45x14,,,,,,,,,,
3,,275x6,,,,185x7,,,,,,,,,,,7,,,,,,,,,,,,,,
4,,315x3,,,,185x5,,,,,,,,,,,,,,,,,,,,,,,,,
5,,325x2,,,,185x5,,,,,,,,,,,,,,,,,,,,,,,,,
6,,,,,,135x10,,,,,,,,,,,,,,,,,,,,,,,,,
dropset,,,,,,,,,,,,,,,,,,,,,,,,,,,,,,,
,,,,,,,,,,,,,,,,,,,,,,,,,,,,,,,
3/23/2024,156.3,,,,,,,,,,,,,,,,,,,,,,,,,,,,,,
1,,,,135x10,,135x10,,,,,,,,,,,,,,,,,,,,,,,,,
2,,,,225x8,,155x8,,,,,,,,,,,,,,,,,,,,,,,,,
3,,,,315x6,,185x6,,,,,,,,,,,,,,,,,,,,,,,,,
4,,,,315x6,,185x6,,,,,,,,,,,,,,,,,,,,,,,,,
5,,,,315x6,,185x6,,,,,,,,,,,,,,,,,,,,,,,,,
6,,,,,,135x10,,,,,,,,,,,,,,,,,,,,,,,,,
dropset,,,,,,,,,,,,,,,,,,,,,,,,,,,,,,,
,,,,,,,,,,,,,,,,,,,,,,,,,,,,,,,
4/2/2024,155.9,,,,,,,,,,,,,,,,,,,,,,,,,,,,,,
1,,135x10,,,,135x10,,,,,,,,,,,7,,,,45x14,,,,,,,,,,
2,,225x8,,,,155x8,,,,,,,,,,,7,,,,45x14,,,,,,,,,,
3,,275x6,,,,185x5,,,,,,,,,,,7,,,,,,,,,,,,,,
4,,315x2,,,,185x5,,,,,,,,,,,,,,,,,,,,,,,,,
5,,315x2,,,,185x5,,,,,,,,,,,,,,,,,,,,,,,,,
6,,,,,,135x10,,,,,,,,,,,,,,,,,,,,,,,,,
dropset,,,,,,,,,,,,,,,,,,,,,,,,,,,,,,,
,,,,,,,,,,,,,,,,,,,,,,,,,,,,,,,
4/5/2024,155.8,,,,,,,,,,,,,,,,,,,,,,,,,,,,,,
1,,,,135x10,,135x10,,,,,,,50x10,,,,,,,,,,25x10,,,,,,,,
2,,,,225x8,,155x8,,,,,,,50x10,,,,,,,,,,25x10,,,,,,,,
3,,,,315x6,,185x7,,,,,,,50x10,,,,,,,,,,25x10,,,,,,,,
4,,,,365x4,,195x3,,,,,,,,,,,,,,,,,,,,,,,,,
5,,,,405x2,,195x4,,,,,,,,,,,,,,,,,,,,,,,,,
6,,,,,,135x10,,,,,,,,,,,,,,,,,,,,,,,,,
dropset,,,,,,,,,,,,,,,,,,,,,,,,,,,,,,,
,,,,,,,,,,,,,,,,,,,,,,,,,,,,,,,
4/8/2024,155.9,,,,,,,,,,,,,,,,,,,,,,,,,,,,,,
1,,135x10,,,,135x10,,,,,,,,,,,,,,,45x16,,,,,,80x10,,,,
2,,225x8,,,,155x8,,,,,,,,,,,,,,,45x16,,,,,,100x10,,,,
3,,275x6,,,,185x7,,,,,,,,,,,,,,,,,,,,,120x10,,,,
4,,315x3,,,,195x4,,,,,,,,,,,,,,,,,,,,,140x6,,,,
5,,315x3,,,,195x4,,,,,,,,,,,,,,,,,,,,,,,,,
6,,,,,,135x10,,,,,,,,,,,,,,,,,,,,,,,,,
dropset,,,,,,,,,,,,,,,,,,,,,,,,,,,,,,,
,,,,,,,,,,,,,,,,,,,,,,,,,,,,,,,
4/11/2024,155.6,,,,,,,,,,,,,,,,,,,,,,,,,,,,,,
1,,,,135x10,,135x10,,,,,,,,,,,,,,,,80x10,,,,,,,,,
2,,,,225x8,,155x8,,,,,,,,,,,,,,,,100x10,,,,,,,,,
3,,,,315x6,,185x7,,,,,,,,,,,,,,,,120x10,,,,,,,,,
4,,,,365x4,,195x4,,,,,,,,,,,,,,,,140x8,,,,,,,,,
5,,,,405x2,,195x4,,,,,,,,,,,,,,,,,,,,,,,,,
6,,,,415x2,,135x10,,,,,,,,,,,,,,,,,,,,,,,,,
dropset,,,,,,,,,,,,,,,,,,,,,,,,,,,,,,,
,,,,,,,,,,,,,,,,,,,,,,,,,,,,,,,
4/13/2024,155.5,,,,,,,,,,,,,,,,,,,,,,,,,,,,,,
1,,135x10,,,,135x10,,,,,,,50x10,,,,,,,,,,,,,,80x10,,,,
2,,225x8,,,,155x8,,,,,,,50x10,,,,,,,,,,,,,,100x10,,,,
3,,275x6,,,,185x7,,,,,,,50x10,,,,,,,,,,,,,,120x10,,,,
4,,315x4,,,,195x4,,,,,,,,,,,,,,,,,,,,,140x6,,,,
5,,325x2,,,,205x2,,,,,,,,,,,,,,,,,,,,,,,,,
6,,,,,,135x10,,,,,,,,,,,,,,,,,,,,,,,,,
dropset,,,,,,,,,,,,,,,,,,,,,,,,,,,,,,,
,,,,,,,,,,,,,,,,,,,,,,,,,,,,,,,
4/16/2024,155.4,,,,,,,,,,,,,,,,,,,,,,,,,,,,,,
1,,,,135x10,,135x10,,,,,,,60x7,,,,,,,,,,,,,,80x10,,,,
2,,,,225x8,,155x8,,,,,,,60x7,,,,,,,,,,,,,,100x10,,,,
3,,,,315x6,,185x7,,,,,,,60x7,,,,,,,,,,,,,,120x10,,,,
4,,,,365x4,,195x5,,,,,,,,,,,,,,,,,,,,,140x7,,,,
5,,,,405x3,,205x2,,,,,,,,,,,,,,,,,,,,,,,,,
6,,,,415x2,,135x10,,,,,,,,,,,,,,,,,,,,,,,,,
dropset,,,,,,,,,,,,,,,,,,,,,,,,,,,,,,,
,,,,,,,,,,,,,,,,,,,,,,,,,,,,,,,
4/18/2024,155.4,,,,,,,,,,,,,,,,,,,,,,,,,,,,,,
1,,135x10,,,,135x10,,,,,,,,,,,,,,,,,,,,,,,,,
2,,225x8,,,,155x8,,,,,,,,,,,,,,,,,,,,,,,,,
3,,275x6,,,,185x8,,,,,,,,,,,,,,,,,,,,,,,,,
4,,315x4,,,,195x5,,,,,,,,,,,,,,,,,,,,,,,,,
5,,325x2,,,,205x2,,,,,,,,,,,,,,,,,,,,,,,,,
6,,,,,,135x10,,,,,,,,,,,,,,,,,,,,,,,,,
dropset,,,,,,,,,,,,,,,,,,,,,,,,,,,,,,,
,,,,,,,,,,,,,,,,,,,,,,,,,,,,,,,
4/22/2024,155.2,,,,,,,,,,,,,,,,,,,,,,,,,,,,,,
1,,,,135x10,,135x10,,,,,,,,,,,,,,,,,,,,,80x10,,,,
2,,,,225x8,,155x8,,,,,,,,,,,,,,,,,,,,,100x10,,,,
3,,,,315x6,,185x8,,,,,,,,,,,,,,,,,,,,,120x10,,,,
4,,,,365x4,,205x3,,,,,,,,,,,,,,,,,,,,,140x8,,,,
5,,,,415x2,,,,,,,,,,,,,,,,,,,,,,,,,,,
6,,,,,,135x10,,,,,,,,,,,,,,,,,,,,,,,,,
dropset,,,,,,,,,,,,,,,,,,,,,,,,,,,,,,,
,,,,,,,,,,,,,,,,,,,,,,,,,,,,,,,
4/24/2024,155.1,,,,,,,,,,,,,,,,,,,,,,,,,,,,,,
1,,135x10,,,,135x10,,,,,,,,,,,,,,,,,,,,,,,,,
2,,225x8,,,,155x8,,,,,,,,,,,,,,,,,,,,,,,,,
3,,275x6,,,,185x8,,,,,,,,,,,,,,,,,,,,,,,,,
4,,315x4,,,,195x4,,,,,,,,,,,,,,,,,,,,,,,,,
5,,335x2,,,,205x2,,,,,,,,,,,,,,,,,,,,,,,,,
6,,,,,,135x10,,,,,,,,,,,,,,,,,,,,,,,,,
dropset,,,,,,,,,,,,,,,,,,,,,,,,,,,,,,,
,,,,,,,,,,,,,,,,,,,,,,,,,,,,,,,
5/3/2024,155.0,,,,,,,,,,,,,,,,,,,,,,,,,,,,,,
1,,135x10,,,,135x10,,,,,,,,,,,,,,,,,,,,,,,,,
2,,250x8,,,,155x8,,,,,,,,,,,,,,,,,,,,,,,,,
3,,300x6,,,,185x6,,,,,,,,,,,,,,,,,,,,,,,,,
4,,300x6,,,,185x6,,,,,,,,,,,,,,,,,,,,,,,,,
5,,275x8,,,,185x6,,,,,,,,,,,,,,,,,,,,,,,,,
6,,,,,,,,,,,,,,,,,,,,,,,,,,,,,,,
dropset,,,,,,,,,,,,,,,,,,,,,,,,,,,,,,,
,,,,,,,,,,,,,,,,,,,,,,,,,,,,,,,
4/24/2024,155.3,,,,,,,,,,,,,,,,,,,,,,,,,,,,,,
1,,135x10,,,,135x10,,,,,,,50x10,,,,,,,,,,,,,,,80x10,,,
2,,225x8,,,,155x8,,,,,,,50x10,,,,,,,,,,,,,,,100x10,,,
3,,275x6,,,,185x5,,,,,,,50x10,,,,,,,,,,,,,,,120x8,,,
4,,295x4,,,,185x5,,,,,,,,,,,,,,,,,,,,,,140x6,,,
5,,315x2,,,,185x5,,,,,,,,,,,,,,,,,,,,,,,,,
6,,,,,,135x10,,,,,,,,,,,,,,,,,,,,,,,,,
dropset,,,,,,,,,,,,,,,,,,,,,,,,,,,,,,,
,,,,,,,,,,,,,,,,,,,,,,,,,,,,,,,
4/28/2024,155.3,,,,,,,,,,,,,,,,,,,,,,,,,,,,,,
1,,135x10,,,,135x10,,,,,,,,,,,,,,,,,,,,,,80x10,,,
2,,225x8,,,,155x8,,,,,,,,,,,,,,,,,,,,,,100x10,,,
3,,275x6,,,,185x3,,,,,,,,,,,,,,,,,,,,,,120x10,,,
4,,315x3,,,,155x8,,,,,,,,,,,,,,,,,,,,,,140x8,,,
5,,315x2,,,,165x6,,,,,,,,,,,,,,,,,,,,,,,,,
6,,,,,,135x10,,,,,,,,,,,,,,,,,,,,,,,,,
dropset,,,,,,,,,,,,,,,,,,,,,,,,,,,,,,,
,,,,,,,,,,,,,,,,,,,,,,,,,,,,,,,
5/3/2024,155.1,,,,,,,,,,,,,,,,,,,,,,,,,,,,,,
1,,135x10,,,,135x10,,,,,,,,,,,6,,,,,,,,,,,80x10,,,
2,,225x8,,,,155x8,,,,,,,,,,,6,,,,,,,,,,,100x10,,,
3,,275x7,,,,185x4,,,,,,,,,,,6,,,,,,,,,,,120x10,,,
4,,295x5,,,,165x6,,,,,,,,,,,,,,,,,,,,,,140x6,,,
5,,315x3,,,,175x5,,,,,,,,,,,,,,,,,,,,,,,,,
6,,,,,,135x10,,,,,,,,,,,,,,,,,,,,,,,,,
dropset,,,,,,,,,,,,,,,,,,,,,,,,,,,,,,,
,,,,,,,,,,,,,,,,,,,,,,,,,,,,,,,
5/5/2024,154.8,,,,,,,,,,,,,,,,,,,,,,,,,,,,,,
1,,135x10,,,,135x10,,,,,,,,,50x8,,7,,,,,,,,,,,,,,
2,,225x8,,,,155x8,,,,,,,,,50x8,,7,,,,,,,,,,,,,,
3,,225x8,,,,155x8,,,,,,,,,,,7,,,,,,,,,,,,,,
4,,225x8,,,,155x8,,,,,,,,,,,,,,,,,,,,,,,,,
5,,,,,,135x10,,,,,,,,,,,,,,,,,,,,,,,,,
6,,,,,,,,,,,,,,,,,,,,,,,,,,,,,,,
dropset,,,,,,,,,,,,,,,,,,,,,,,,,,,,,,,
,,,,,,,,,,,,,,,,,,,,,,,,,,,,,,,
5/8/2024,154.9,,,,,,,,,,,,,,,,,,,,,,,,,,,,,,
1,,135x10,,,,135x10,,,,,,,,,50x10,,,,15,,,,,,,,,,,,
2,,225x8,,,,155x8,,,,,,,,,50x10,,,,15,,,,,,,,,,,,
3,,275x7,,,,185x5,,,,,,,,,50x10,,,,15,,,,,,,,,,,,
4,,315x3,,,,175x6,,,,,,,,,,,,,,,,,,,,,,,,,
5,,315x3,,,,175x6,,,,,,,,,,,,,,,,,,,,,,,,,
6,,,,,,135x10,,,,,,,,,,,,,,,,,,,,,,,,,
dropset,,,,,,,,,,,,,,,,,,,,,,,,,,,,,,,
,,,,,,,,,,,,,,,,,,,,,,,,,,,,,,,
5/10/2024,154.9,,,,,,,,,,,,,,,,,,,,,,,,,,,,,,
1,,135x10,45x10,,,135x10,,,,,,,,,,,,,,,,,,,,,,,,,
2,,225x8,65x10,,,155x8,,,,,,,,,,,,,,,,,,,,,,,,,
3,,275x6,95x5,,,185x5,,,,,,,,,,,,,,,,,,,,,,,,,
4,,275x6,75x7,,,175x6,,,,,,,,,,,,,,,,,,,,,,,,,
5,,,,,,175x6,,,,,,,,,,,,,,,,,,,,,,,,,
6,,,,,,135x10,,,,,,,,,,,,,,,,,,,,,,,,,
dropset,,,,,,,,,,,,,,,,,,,,,,,,,,,,,,,
,,,,,,,,,,,,,,,,,,,,,,,,,,,,,,,
5/13/2024,154.9,,,,,,,,,,,,,,,,,,,,,,,,,,,,,,
1,,135x10,,,,135x10,,,,,,,,,,,,,,,,,,,,,,,,,
2,,225x8,,,,155x8,,,,,,,,,,,,,,,,,,,,,,,,,
3,,225x8,,,,185x6,,,,,,,,,,,,,,,,,,,,,,,,,
4,,,,,,175x6,,,,,,,,,,,,,,,,,,,,,,,,,
5,,,,,,175x6,,,,,,,,,,,,,,,,,,,,,,,,,
6,,,,,,135x10,,,,,,,,,,,,,,,,,,,,,,,,,
dropset,,,,,,,,,,,,,,,,,,,,,,,,,,,,,,,
,,,,,,,,,,,,,,,,,,,,,,,,,,,,,,,
5/18/2024,154.8,,,,,,,,,,,,,,,,,,,,,,,,,,,,,,
1,,135x10,,,,135x10,,,,,,,50x10,,,,,,,,,,,,,,80x10,,,,
2,,225x8,,,,155x8,,,,,,,60x8,,,,,,,,,,,,,,100x10,,,,
3,,275x7,,,,185x4,,,,,,,,,,,,,,,,,,,,,120x10,,,,
4,,295x4,,,,175x6,,,,,,,,,,,,,,,,,,,,,140x6,,,,
5,,315x2,,,,175x3,,,,,,,,,,,,,,,,,,,,,,,,,
6,,,,,,135x10,,,,,,,,,,,,,,,,,,,,,,,,,
dropset,,,,,,,,,,,,,,,,,,,,,,,,,,,,,,,
,,,,,,,,,,,,,,,,,,,,,,,,,,,,,,,
5/20/2024,154.8,,,,,,,,,,,,,,,,,,,,,,,,,,,,,,
1,,135x10,,135x5,,135x10,,,,,,,60x8,,,,,,,,,,,25x10,,,,,,,
2,,225x8,,,,155x8,,,,,,,60x8,,,,,,,,,,,25x10,,,,,,,
3,,,,,,185x6,,,,,,,,,,,,,,,,,,25x10,,,,,,,
4,,,,,,185x4,,,,,,,,,,,,,,,,,,,,,,,,,
5,,,,,,185x4,,,,,,,,,,,,,,,,,,,,,,,,,
6,,,,,,135x10,,,,,,,,,,,,,,,,,,,,,,,,,
dropset,,,,,,,,,,,,,,,,,,,,,,,,,,,,,,,
,,,,,,,,,,,,,,,,,,,,,,,,,,,,,,,
5/24/2024,154.3,,,,,,,,,,,,,,,,,,,,,,,,,,,,,,
1,,135x10,45x10,,,135x10,,,,,,,70x7,30x20,,,,,,,,,,,,,80x10,,,,
2,,225x8,65x10,,,155x8,,,,,,,70x7,30x20,,,,,,,,,,,,,100x10,,,,
3,,,95x6,,,185x6,,,,,,,,,,,,,,,,,,,,,120x10,,,,
4,,,75x10,,,185x6,,,,,,,,,,,,,,,,,,,,,140x7,,,,
5,,,,,,195x3,,,,,,,,,,,,,,,,,,,,,,,,,
6,,,,,,135x10,,,,,,,,,,,,,,,,,,,,,,,,,
dropset,,,,,,,,,,,,,,,,,,,,,,,,,,,,,,,
,,,,,,,,,,,,,,,,,,,,,,,,,,,,,,,
5/27/2024,154.2,,,,,,,,,,,,,,,,,,,,,,,,,,,,,,
1,,,45x12,,,135x12,,,,,,,40x14,70x6,,,,,,,,,,,,,80x12,,,,
2,,,45x12,,,135x12,,,,,,,40x14,70x6,,,,,,,,,,,,,80x12,,,,
3,,,65x10,,,155x8,,,,,,,,,,,,,,,,,,,,,100x10,,,,
4,,,65x10,,,155x8,,,,,,,,,,,,,,,,,,,,,100x10,,,,
5,,,75x8,,,,,,,,,,,,,,,,,,,,,,,,120x6,,,,
6,,,75x8,,,,,,,,,,,,,,,,,,,,,,,,120x6,,,,
dropset,,,,,,,,,,,,,,,,,,,,,,,,,,,,,,,
,,,,,,,,,,,,,,,,,,,,,,,,,,,,,,,
5/29/2024,154.0,,,,,,,,,,,,,,,,,,,,,,,,,,,,,,
1,,,45x12,,,,95x12,,,,,,70x7,40x14,,,,,,,,80x12,,,,,,,,,
2,,,45x12,,,,95x12,,,,,,70x7,40x14,,,,,,,,80x12,,,,,,,,,
3,,,65x10,,,,115x10,,,,,,,,,,,,,,,100x10,,,,,,,,,
4,,,65x10,,,,115x10,,,,,,,,,,,,,,,100x10,,,,,,,,,
5,,,75x8,,,,135x8,,,,,,,,,,,,,,,120x6,,,,,,,,,
6,,,75x8,,,,135x8,,,,,,,,,,,,,,,120x6,,,,,,,,,
dropset,,,,,,,,,,,,,,,,,,,,,,,,,,,,,,,
,,,,,,,,,,,,,,,,,,,,,,,,,,,,,,,
6/1/2024,153.9,,,,,,,,,,,,,,,,,,,,,,,,,,,,,,
1,,,55x12,,,135x12,,,,,,,40x14,70x7,,,,,,,45x13,,,,,,,,,,
2,,,55x12,,,135x12,,,,,,,40x14,70x7,,,,,,,45x13,,,,,,,,,,
3,,,65x10,,,155x10,,,,,,,,,,,,,,,,,,,,,,,,,
4,,,65x10,,,155x10,,,,,,,,,,,,,,,,,,,,,,,,,
5,,,75x8,,,185x4,,,,,,,,,,,,,,,,,,,,,,,,,
6,,,75x8,,,185x4,,,,,,,,,,,,,,,,,,,,,,,,,
dropset,,,,,,,,,,,,,,,,,,,,,,,,,,,,,,,
,,,,,,,,,,,,,,,,,,,,,,,,,,,,,,,
6/4/2024,153.8,,,,,,,,,,,,,,,,,,,,,,,,,,,,,,
1,,,55x12,,,135x12,,,,,15x10,,70x8,40x14,,,,,,,,,,,,,80x12,,,,
2,,,55x12,,,135x12,,,,,15x10,,70x8,40x14,,,,,,,,,,,,,100x10,,,,
3,,,65x10,,,155x10,,,,,15x10,,,,,,,,,,,,,,,,120x8,,,,
4,,,65x10,,,155x10,,,,,,,,,,,,,,,,,,,,,120x8,,,,
5,,,75x8,,,185x4,,,,,,,,,,,,,,,,,,,,,,,,,
6,,,75x8,,,185x5,,,,,,,,,,,,,,,,,,,,,,,,,
dropset,,,,,,,,,,,,,,,,,,,,,,,,,,,,,,,
,,,,,,,,,,,,,,,,,,,,,,,,,,,,,,,
6/10/2024,154.0,,,,,,,,,,,,,,,,,,,,,,,,,,,,,,
1,,,55x12,,,135x12,,,,,20x10,,40x14,70x7,,,,,,,,,,,,,90x12,,,,
2,,,55x12,,,135x12,,,,,25x10,,40x14,70x6,,,,,,,,,,,,,90x12,,,,
3,,,65x10,,,155x10,,,,,25x10,,,,,,,,,,,,,,,,100x10,,,,
4,,,65x10,,,155x10,,,,,,,,,,,,,,,,,,,,,100x10,,,,
5,,,75x8,,,175x6,,,,,,,,,,,,,,,,,,,,,120x7,,,,
6,,,75x8,,,175x6,,,,,,,,,,,,,,,,,,,,,120x7,,,,
dropset,,,,,,,,,,,,,,,,,,,,,,,,,,,,,,,
,,,,,,,,,,,,,,,,,,,,,,,,,,,,,,,
6/14/2024,154.4,,,,,,,,,,,,,,,,,,,,,,,,,,,,,,
1,,,55x12,,,135x12,,,,,30x8,,70x8,40x14,,,,,,,,,,,,,,,,,
2,,,55x12,,,135x12,,,,,30x8,,70x8,40x14,,,,,,,,,,,,,,,,,
3,,,65x10,,,155x10,,,,,30x8,,,,,,,,,,,,,,,,,,,,
4,,,65x10,,,155x10,,,,,,,,,,,,,,,,,,,,,,,,,
5,,,75x9,,,175x6,,,,,,,,,,,,,,,,,,,,,,,,,
6,,,75x9,,,175x6,,,,,,,,,,,,,,,,,,,,,,,,,
dropset,,,,,,,,,,,,,,,,,,,,,,,,,,,,,,,
,,,,,,,,,,,,,,,,,,,,,,,,,,,,,,,
6/23/2024,154.5,,,,,,,,,,,,,,,,,,,,,,,,,,,,,,
1,,135x10,55x12,,,135x12,,,,95x8,30x8,,40x14,70x8,,,,,,,,,,,,,,,,,
2,,185x8,55x12,,,135x12,,,,95x8,35x8,,40x14,70x8,,,,,,,,,,,,,,,,,
3,,,65x10,,,155x10,,,,115x7,35x8,,,,,,,,,,,,,,,,,,,,
4,,,65x10,,,155x9,,,,115x7,,,,,,,,,,,,,,,,,,,,,
5,,,75x9,,,165x7,,,,,,,,,,,,,,,,,,,,,,,,,
6,,,75x9,,,,,,,,,,,,,,,,,,,,,,,,,,,,
dropset,,,,,,,,,,,,,,,,,,,,,,,,,,,,,,,
,,,,,,,,,,,,,,,,,,,,,,,,,,,,,,,
6/25/2024,154.6,,,,,,,,,,,,,,,,,,,,,,,,,,,,,,
1,,,65x12,135x10,,135x12,,,,,,,70x8,50x12,,,,,,,,,,,,,,,,,
2,,,65x12,135x10,,135x12,,,,,,,70x8,50x12,,,,,,,,,,,,,,,,,
3,,,75x10,225x8,,155x10,,,,,,,,,,,,,,,,,,,,,,,,,
4,,,75x10,225x8,,155x10,,,,,,,,,,,,,,,,,,,,,,,,,
5,,,85x6,,,175x6,,,,,,,,,,,,,,,,,,,,,,,,,
6,,,85x6,,,175x6,,,,,,,,,,,,,,,,,,,,,,,,,
dropset,,,,,,,,,,,,,,,,,,,,,,,,,,,,,,,
,,,,,,,,,,,,,,,,,,,,,,,,,,,,,,,
6/28/2024,154.7,,,,,,,,,,,,,,,,,,,,,,,,,,,,,,
1,,,65x12,,,135x12,,,,95x10,,,50x12,70x8,,,,,,,,,,,,,,,,,
2,,,65x12,,,135x12,,,,115x8,,,,70x8,,,,,,,,,,,,,,,,,
3,,,75x10,,,155x10,,,,135x6,,,,,,,,,,,,,,,,,,,,,
4,,,85x6,,,155x10,,,,135x6,,,,,,,,,,,,,,,,,,,,,
5,,,,,,175x6,,,,,,,,,,,,,,,,,,,,,,,,,
6,,,,,,185x6,,,,,,,,,,,,,,,,,,,,,,,,,
dropset,,,,,,,,,,,,,,,,,,,,,,,,,,,,,,,
,,,,,,,,,,,,,,,,,,,,,,,,,,,,,,,
7/1/2024,154.7,,,,,,,,,,,,,,,,,,,,,,,,,,,,,,
1,,,65x12,135x1,,135x12,,,,95x10,,,60x8,,,,,,,,,,,25x10,,,,,,,
2,,,,,,135x12,,,,135x7,,,65x8,,,,,,,,,,,25x10,,,,,,,
3,,,75x10,,,155x10,,,,135x7,,,70x8,,,,,,,,,,,25x10,,,,,,,
4,,,75x10,,,155x10,,,,155x6,,,75x8,,,,,,,,,,,,,,,,,,
5,,,85x8,,,185x4,,,,,,,,,,,,,,,,,,,,,,,,,
6,,,85x8,,,185x4,,,,,,,,,,,,,,,,,,,,,,,,,
dropset,,,,,,,,,,,,,,,,,,,,,,,,,,,,,,,
,,,,,,,,,,,,,,,,,,,,,,,,,,,,,,,
7/5/2024,155.0,,,,,,,,,,,,,,,,,,,,,,,,,,,,,,
1,,,65x12,,,135x12,,,,95x10,,,50x12,70x8,,,6,,,,,,,,,,,,,,
2,,,65x12,,,135x12,,,,95x10,,,50x10,70x8,,,6,,,,,,,,,,,,,,
3,,,75x10,,,155x10,,,,135x7,,,,,,,6,,,,,,,,,,,,,,
4,,,75x10,,,155x10,,,,135x7,,,,,,,,,,,,,,,,,,,,,
5,,,85x8,,,185x4,,,,155x5,,,,,,,,,,,,,,,,,,,,,
6,,,85x8,,,185x5,,,,155x5,,,,,,,,,,,,,,,,,,,,,
dropset,,,,,,,,,,,,,,,,,,,,,,,,,,,,,,,
,,,,,,,,,,,,,,,,,,,,,,,,,,,,,,,
7/7/2024,155.1,,,,,,,,,,,,,,,,,,,,,,,,,,,,,,
1,,,65x12,,,135x12,,,,,,,,,,,,,,,,,,25x10,,,,,,,
2,,,65x12,,,,,,,,,,,,,,,,,,,,,25x10,,,,,,,
3,,,75x10,,,155x10,,,,,,,,,,,,,,,,,,25x10,,,,,,,
4,,,,,,,,,,,,,,,,,,,,,,,,,,,,,,,
5,,,85x8,,,185x5,,,,,,,,,,,,,,,,,,,,,,,,,
6,,,,,,185x5,,,,,,,,,,,,,,,,,,,,,,,,,
dropset,,,,,,,,,,,,,,,,,,,,,,,,,,,,,,,
,,,,,,,,,,,,,,,,,,,,,,,,,,,,,,,
7/12/2024,155.1,,,,,,,,,,,,,,,,,,,,,,,,,,,,,,
1,,135x10,65x12,,,135x12,,,,,,,,,,,7,,,,,,,,,,,,,,
2,,,65x12,,,135x12,,,,,,,,,,,7,,,,,,,,,,,,,,
3,,185x8,75x10,,,155x10,,,,,,,,,,,7,,,,,,,,,,,,,,
4,,185x8,75x10,,,155x10,,,,,,,,,,,,,,,,,,,,,,,,,
5,,225x6,85x8,,,185x4,,,,,,,,,,,,,,,,,,,,,,,,,
6,,225x6,85x8,,,185x4,,,,,,,,,,,,,,,,,,,,,,,,,
dropset,,,,,,,,,,,,,,,,,,,,,,,,,,,,,,,
,,,,,,,,,,,,,,,,,,,,,,,,,,,,,,,
7/19/2024,155.3,,,,,,,,,,,,,,,,,,,,,,,,,,,,,,
1,,,65x12,,,135x12,,,,95x12,,,,,,,7,,,,,,,25x10,,,,,,,
2,,,,,,135x12,,,,,,,,,,,7,,,,,,,30x10,,,,,,,
3,,,75x10,,,155x10,,,,135x8,,,,,,,7,,,,,,,30x10,,,,,,,
4,,,,,,155x10,,,,,,,,,,,,,,,,,,,,,,,,,
5,,,85x8,,,185x4,,,,155x1,,,,,,,,,,,,,,,,,,,,,
6,,,85x8,,,185x4,,,,,,,,,,,,,,,,,,,,,,,,,
dropset,,,,,,,,,,,,,,,,,,,,,,,,,,,,,,,
,,,,,,,,,,,,,,,,,,,,,,,,,,,,,,,
9/9/2024,156.3,,,,,,,,,,,,,,,,,,,,,,,,,,,,,,
1,,,65x10,,,135x10,,,,,,,50x10,70x8,,,7,,,,,,,,,,,,,,
2,,,65x10,,,155x10,,,,,,,50x12,70x8,,,7,,,,,,,,,,,,,,
3,,,75x8,,,155x10,,,,,,,,,,,7,,,,,,,,,,,,,,
4,,,75x8,,,175x5,,,,,,,,,,,,,,,,,,,,,,,,,
5,,,85x6,,,175x5,,,,,,,,,,,,,,,,,,,,,,,,,
6,,,85x6,,,,,,,,,,,,,,,,,,,,,,,,,,,,
dropset,,,,,,,,,,,,,,,,,,,,,,,,,,,,,,,
,,,,,,,,,,,,,,,,,,,,,,,,,,,,,,,
9/16/2024,156.4,,,,,,,,,,,,,,,,,,,,,,,,,,,,,,
1,,,65x10,,,135x12,,,,,,,60x8,,,,8,,,,,,,,,,,,,,
2,,,65x10,,,135x12,,,,,,,80x8,,,,7,,,,,,,,,,,,,,
3,,,75x8,,,155x10,,,,,,,100x8,,,,7,,,,,,,,,,,,,,
4,,,75x8,,,155x10,,,,,,,120x8,,,,,,,,,,,,,,,,,,
5,,,85x6,,,175x5,,,,,,,,,,,,,,,,,,,,,,,,,
6,,,85x6,,,185x4,,,,,,,,,,,,,,,,,,,,,,,,,
dropset,,,,,,,,,,,,,,,,,,,,,,,,,,,,,,,
,,,,,,,,,,,,,,,,,,,,,,,,,,,,,,,
9/29/2024,156.9,,,,,,,,,,,,,,,,,,,,,,,,,,,,,,
1,,,65x10,,,135x12,,,,,,,60x8,,,,7,,,,,,,,,,,,,,
2,,,65x10,,,135x12,,,,,,,80x8,,,,7,,,,,,,,,,,,,,
3,,,75x8,,,155x8,,,,,,,100x8,,,,7,,,,,,,,,,,,,,
4,,,75x8,,,155x8,,,,,,,120x8,,,,,,,,,,,,,,,,,,
5,,,85x6,,,175x4,,,,,,,,,,,,,,,,,,,,,,,,,
6,,,85x6,,,175x4,,,,,,,,,,,,,,,,,,,,,,,,,
dropset,,,,,,,,,,,,,,,,,,,,,,,,,,,,,,,
,,,,,,,,,,,,,,,,,,,,,,,,,,,,,,,
10/1/2024,156.9,,,,,,,,,,,,,,,,,,,,,,,,,,,,,,
1,,,65x10,,,135x12,,,,,,,60x8,,,,8,,,,,,,,,,,,,,
2,,,65x10,,,135x12,,,,,,,80x8,,,,8,,,,,,,,,,,,,,
3,,,75x8,,,155x8,,,,,,,100x8,,,,6,,,,,,,,,,,,,,
4,,,75x8,,,155x8,,,,,,,120x8,,,,,,,,,,,,,,,,,,
5,,,85x6,,,175x4,,,,,,,,,,,,,,,,,,,,,,,,,
6,,,95x5,,,185x3,,,,,,,,,,,,,,,,,,,,,,,,,
dropset,,,,,,,,,,,,,,,,,,,,,,,,,,,,,,,
,,,,,,,,,,,,,,,,,,,,,,,,,,,,,,,
10/6/2024,157.0,,,,,,,,,,,,,,,,,,,,,,,,,,,,,,
1,,,,,,135x12,,,,,,,,,,,8,,,,,,,,,,,,,,
2,,,,,,155x8,,,,,,,,,,,8,,,,,,,,,,,,,,
3,,,,,,155x8,,,,,,,,,,,8,,,,,,,,,,,,,,
4,,,,,,175x5,,,,,,,,,,,,,,,,,,,,,,,,,
5,,,,,,185x3,,,,,,,,,,,,,,,,,,,,,,,,,
6,,,,,,185x3,,,,,,,,,,,,,,,,,,,,,,,,,
dropset,,,,,,,,,,,,,,,,,,,,,,,,,,,,,,,
,,,,,,,,,,,,,,,,,,,,,,,,,,,,,,,
10/8/2024,157.1,,,,,,,,,,,,,,,,,,,,,,,,,,,,,,
1,,,65x10,,,135x12,,,,,,,80x8,,,,,,,,,,,,,,,,,,
2,,,75x10,,,155x8,,,,,,,100x8,,,,,,,,,,,,,,,,,,
3,,,85x6,,,155x8,,,,,,,120x8,,,,,,,,,,,,,,,,,,
4,,,95x5,,,175x6,,,,,,,120x8,,,,,,,,,,,,,,,,,,
5,,,95x5,,,185x3,,,,,,,,,,,,,,,,,,,,,,,,,
6,,,,,,195x3,,,,,,,,,,,,,,,,,,,,,,,,,
dropset,,,,,,,,,,,,,,,,,,,,,,,,,,,,,,,
,,,,,,,,,,,,,,,,,,,,,,,,,,,,,,,
11/19/2024,157.8,,,,,,,,,,,,,,,,,,,,,,,,,,,,,,
1,,95x10,,,,95x12,,,,,,,80x8,,,,7,,,,,,,,,,,,,,
2,,95x10,,,,135x10,,,,,,,100x8,,,,7,,,,,,,,,,,,,,
3,,95x10,,,,135x10,,,,,,,120x8,,,,7,,,,,,,,,,,,,,
4,,95x10,,,,155x6,,,,,,,120x8,,,,,,,,,,,,,,,,,,
5,,,,,,155x6,,,,,,,,,,,,,,,,,,,,,,,,,
6,,,,,,,,,,,,,,,,,,,,,,,,,,,,,,,
dropset,,,,,,,,,,,,,,,,,,,,,,,,,,,,,,,
,,,,,,,,,,,,,,,,,,,,,,,,,,,,,,,
11/21/2024,158.0,,,,,,,,,,,,,,,,,,,,,,,,,,,,,,
1,,95x10,,,,135x10,,,,,,,,,,,,,,,,,,,,,,,,,
2,,95x10,,,,135x10,,,,,,,,,,,,,,,,,,,,,,,,,
3,,95x10,,,,155x6,,,,,,,,,,,,,,,,,,,,,,,,,
4,,135x7,,,,155x6,,,,,,,,,,,,,,,,,,,,,,,,,
5,,,,,,,,,,,,,,,,,,,,,,,,,,,,,,,
6,,,,,,,,,,,,,,,,,,,,,,,,,,,,,,,
dropset,,,,,,,,,,,,,,,,,,,,,,,,,,,,,,,
,,,,,,,,,,,,,,,,,,,,,,,,,,,,,,,
11/22/2024,158.0,,,,,,,,,,,,,,,,,,,,,,,,,,,,,,
1,,95x10,,,,135x10,,,,,,,,,,,,,,,,,,,,,,,,,
2,,95x10,,,,135x10,,,,,,,,,,,,,,,,,,,,,,,,,
3,,135x7,,,,155x7,,,,,,,,,,,,,,,,,,,,,,,,,
4,,135x7,,,,155x7,,,,,,,,,,,,,,,,,,,,,,,,,
5,,,,,,,,,,,,,,,,,,,,,,,,,,,,,,,
6,,,,,,,,,,,,,,,,,,,,,,,,,,,,,,,
dropset,,,,,,,,,,,,,,,,,,,,,,,,,,,,,,,
,,,,,,,,,,,,,,,,,,,,,,,,,,,,,,,
11/25/2024,158.2,,,,,,,,,,,,,,,,,,,,,,,,,,,,,,
1,,95x10,,,,95x10,,,,,,,80x8,,,,8,,,,,,,,,,,,,,
2,,135x7,,,,135x7,,,,,,,100x8,,,,7,,,,,,,,,,,,,,
3,,135x7,,,,135x10,,,,,,,120x6,,,,6,,,,,,,,,,,,,,
4,,185x5,,,,155x7,,,,,,,100x8,,,,,,,,,,,,,,,,,,
5,,,,,,165x3,,,,,,,,,,,,,,,,,,,,,,,,,
6,,,,,,,,,,,,,,,,,,,,,,,,,,,,,,,
dropset,,,,,,,,,,,,,,,,,,,,,,,,,,,,,,,
,,,,,,,,,,,,,,,,,,,,,,,,,,,,,,,
12/2/2024,158.2,,,,,,,,,,,,,,,,,,,,,,,,,,,,,,
1,,95x10,,,,135x10,,,,,,,80x8,,,,7,,,,,,,,,,,,,,
2,,135x7,,,,135x10,,,,,,,100x8,,,,7,,,,,,,,,,,,,,
3,,185x5,,,,155x7,,,,,,,120x6,,,,7,,,,,,,,,,,,,,
4,,185x5,,,,155x7,,,,,,,100x8,,,,,,,,,,,,,,,,,,
5,,,,,,95x20,,,,,,,,,,,,,,,,,,,,,,,,,
6,,,,,,,,,,,,,,,,,,,,,,,,,,,,,,,
dropset,,,,,,,,,,,,,,,,,,,,,,,,,,,,,,,
,,,,,,,,,,,,,,,,,,,,,,,,,,,,,,,
12/9/2024,158.5,,,,,,,,,,,,,,,,,,,,,,,,,,,,,,
1,,135x7,,,,135x10,,,,,,,80x8,,,,,,,,,,,,,,90x12,,,,
2,,185x5,,,,135x10,,,,,,,100x8,,,,,,,,,,,,,,90x12,,,,
3,,185x5,,,,155x7,,,,,,,120x6,,,,,,,,,,,,,,100x8,,,,
4,,225x3,,,,155x7,,,,,,,100x8,,,,,,,,,,,,,,100x7,,,,
5,,,,,,95x16,,,,,,,,,,,,,,,,,,,,,120x3,,,,
6,,,,,,,,,,,,,,,,,,,,,,,,,,,120x3,,,,
dropset,,,,,,,,,,,,,,,,,,,,,,,,,,,,,,,
,,,,,,,,,,,,,,,,,,,,,,,,,,,,,,,
12/11/2024,158.4,,,,,,,,,,,,,,,,,,,,,,,,,,,,,,
1,,135x8,,,,135x10,,,,,,,50x10,70x7,,,,,,,,,,,,,90x12,,,,
2,,185x5,,,,135x10,,,,,,,50x10,70x7,,,,,,,,,,,,,90x12,,,,
3,,185x5,,,,155x7,,,,,,,,,,,,,,,,,,,,,100x8,,,,
4,,225x3,,,,165x3,,,,,,,,,,,,,,,,,,,,,,,,,
5,,,,,,165x5,,,,,,,,,,,,,,,,,,,,,120x3,,,,
6,,,,,,,,,,,,,,,,,,,,,,,,,,,120x3,,,,
dropset,,,,,,,,,,,,,,,,,,,,,,,,,,,,,,,
,,,,,,,,,,,,,,,,,,,,,,,,,,,,,,,
12/13/2024,158.3,,,,,,,,,,,,,,,,,,,,,,,,,,,,,,
1,,135x8,65x10,,,135x10,,,,,,,,,,,,,,,,,,,,,90x12,,,,
2,,185x5,75x10,,,135x10,,,,,,,,,,,,,,,,,,,,,90x12,,,,
3,,185x5,85x6,,,155x7,,,,,,,,,,,,,,,,,,,,,100x8,,,,
4,,225x3,95x5,,,165x4,,,,,,,,,,,,,,,,,,,,,100x8,,,,
5,,225x3,95x5,,,175x3,,,,,,,,,,,,,,,,,,,,,120x6,,,,
6,,,,,,,,,,,,,,,,,,,,,,,,,,,120x6,,,,
dropset,,,,,,,,,,,,,,,,,,,,,,,,,,,,,,,
,,,,,,,,,,,,,,,,,,,,,,,,,,,,,,,
12/20/2024,158.6,,,,,,,,,,,,,,,,,,,,,,,,,,,,,,
1,,135x8,,,,135x10,,,,,,,70x7,50x10,,,,,,,,,,,,,,,,,
2,,185x5,,,,135x10,,,,,,,70x7,50x10,,,,,,,,,,,,,,,,,
3,,185x5,,,,155x7,,,,,,,,,,,,,,,,,,,,,,,,,
4,,225x3,,,,165x4,,,,,,,,,,,,,,,,,,,,,,,,,
5,,225x3,,,,175x3,,,,,,,,,,,,,,,,,,,,,,,,,
6,,,,,,185x2,,,,,,,,,,,,,,,,,,,,,,,,,
dropset,,,,,,,,,,,,,,,,,,,,,,,,,,,,,,,
,,,,,,,,,,,,,,,,,,,,,,,,,,,,,,,
1/8/2024,157.0,,,,,,,,,,,,,,,,,,,,,,,,,,,,,,
1,,135x10,,,,95x12,,,,,,,50x10,70x7,,,6,,,,,,,,,,,,,,
2,,135x10,,,,135x10,,,,,,,50x10,70x7,,,6,,,,,,,,,,,,,,
3,,185x5,,,,155x7,,,,,,,,,,,6,,,,,,,,,,,,,,
4,,185x5,,,,165x4,,,,,,,,,,,,,,,,,,,,,,,,,
5,,225x3,,,,175x3,,,,,,,,,,,,,,,,,,,,,,,,,
6,,,,,,185x2,,,,,,,,,,,,,,,,,,,,,,,,,
dropset,,,,,,,,,,,,,,,,,,,,,,,,,,,,,,,
,,,,,,,,,,,,,,,,,,,,,,,,,,,,,,,
1/10/2024,157.0,,,,,,,,,,,,,,,,,,,,,,,,,,,,,,
1,,135x10,,,,135x10,,,,,,,,,,,20x4,,20x8,,,,,,,,,,,,
2,,185x7,,,,155x8,,,,,,,,,,,20x4,,20x8,,,,,,,,,,,,
3,,185x7,,,,155x8,,,,,,,,,,,20x4,,20x8,,,,,,,,,,,,
4,,,,,,,,,,,,,,,,,,,,,,,,,,,,,,,
5,,,,,,,,,,,,,,,,,,,,,,,,,,,,,,,
6,,,,,,,,,,,,,,,,,,,,,,,,,,,,,,,
dropset,,,,,,,,,,,,,,,,,,,,,,,,,,,,,,,
,,,,,,,,,,,,,,,,,,,,,,,,,,,,,,,
1/13/2024,157.0,,,,,,,,,,,,,,,,,,,,,,,,,,,,,,
1,,135x10,,,,135x10,,,,,,,,,,,,,,,,,,,,,90x12,,,,
2,,185x7,,,,155x8,,,,,,,,,,,,,,,,,,,,,90x12,,,,
3,,185x7,,,,165x4,,,,,,,,,,,,,,,,,,,,,100x8,,,,
4,,225x4,,,,175x3,,,,,,,,,,,,,,,,,,,,,120x6,,,,
5,,245x3,,,,185x3,,,,,,,,,,,,,,,,,,,,,,,,,
6,,,,,,135x8,,,,,,,,,,,,,,,,,,,,,,,,,
dropset,,,,,,,,,,,,,,,,,,,,,,,,,,,,,,,
,,,,,,,,,,,,,,,,,,,,,,,,,,,,,,,
1/15/2024,157.3,,,,,,,,,,,,,,,,,,,,,,,,,,,,,,
1,,135x10,,,,135x10,,,,,,,80x8,,,,,,,,,,,,,,,80x10,,,
2,,185x7,,,,155x8,,,,,,,100x8,,,,,,,,,,,,,,,100x10,,,
3,,185x7,,,,175x4,,,,,,,120x8,,,,,,,,,,,,,,,120x7,,,
4,,225x5,,,,185x3,,,,,,,100x8,,,,,,,,,,,,,,,140x5,,,
5,,245x4,,,,185x3,,,,,,,,,,,,,,,,,,,,,,,,,
6,,,,,,135x8,,,,,,,,,,,,,,,,,,,,,,,,,
dropset,,,,,,,,,,,,,,,,,,,,,,,,,,,,,,,
,,,,,,,,,,,,,,,,,,,,,,,,,,,,,,,
1/16/2024,157.3,,,,,,,,,,,,,,,,,,,,,,,,,,,,,,
1,,,,,,,,,,,,,70x8,50x10,,,,,,,,,25x10,,,,,,,,
2,,,,,,,,,,,,,70x8,50x10,,,,,,,,,25x10,,,,,,,,
3,,,,,,,,,,,,,,,,,,,,,,,25x10,,,,,,,,
4,,,,,,,,,,,,,,,,,,,,,,,,,,,,,,,
5,,,,,,,,,,,,,,,,,,,,,,,,,,,,,,,
6,,,,,,,,,,,,,,,,,,,,,,,,,,,,,,,
dropset,,,,,,,,,,,,,,,,,,,,,,,,,,,,,,,
,,,,,,,,,,,,,,,,,,,,,,,,,,,,,,,
1/22/2024,157.6,,,,,,,,,,,,,,,,,,,,,,,,,,,,,,
1,,135x10,,,,135x10,,,,,,,,,,,,,,,,,,,,,90x12,80x10,,,
2,,185x7,,,,155x8,,,,,,,,,,,,,,,,,,,,,100x8,100x10,,,
3,,225x5,,,,175x4,,,,,,,,,,,,,,,,,,,,,120x6,120x7,,,
4,,245x3,,,,185x3,,,,,,,,,,,,,,,,,,,,,130x6,140x5,,,
5,,275x2,,,,185x3,,,,,,,,,,,,,,,,,,,,,,,,,
6,,,,,,135x10,,,,,,,,,,,,,,,,,,,,,,,,,
dropset,,,,,,,,,,,,,,,,,,,,,,,,,,,,,,,
,,,,,,,,,,,,,,,,,,,,,,,,,,,,,,,
1/24/2024,157.7,,,,,,,,,,,,,,,,,,,,,,,,,,,,,,
1,,135x10,65x10,,,,,,,,,,70x8,50x10,,,,,,,,,,,,,,,,,
2,,185x7,85x8,,,,,,,,,,70x8,50x10,,,,,,,,,,,,,,,,,
3,,225x5,95x6,,,,,,,,,,,,,,,,,,,,,,,,,,,,
4,,245x3,105x4,,,,,,,,,,,,,,,,,,,,,,,,,,,,
5,,275x3,85x8,,,,,,,,,,,,,,,,,,,,,,,,,,,,
6,,295x2,,,,,,,,,,,,,,,,,,,,,,,,,,,,,
dropset,,,,,,,,,,,,,,,,,,,,,,,,,,,,,,,
,,,,,,,,,,,,,,,,,,,,,,,,,,,,,,,
2/4/2024,157.9,,,,,,,,,,,,,,,,,,,,,,,,,,,,,,
1,,135x10,,,,135x10,,,,,,,,,,,,,,,,,,,,,,88x10,,,
2,,185x7,,,,155x8,,,,,,,,,,,,,,,,,,,,,,100x10,,,
3,,225x5,,,,175x4,,,,,,,,,,,,,,,,,,,,,,121x7,,,
4,,245x3,,,,185x3,,,,,,,,,,,,,,,,,,,,,,143x5,,,
5,,275x3,,,,185x3,,,,,,,,,,,,,,,,,,,,,,,,,
6,,,,,,135x12,,,,,,,,,,,,,,,,,,,,,,,,,
dropset,,,,,,,,,,,,,,,,,,,,,,,,,,,,,,,
,,,,,,,,,,,,,,,,,,,,,,,,,,,,,,,
2/10/2024,157.7,,,,,,,,,,,,,,,,,,,,,,,,,,,,,,
1,,135x10,,,,135x10,,,,,,,,,,,,,,,,,,,,,100x10,88x10,,,
2,,185x7,,,,155x8,,,,,,,,,,,,,,,,,,,,,115x8,100x10,,,
3,,225x5,,,,175x4,,,,,,,,,,,,,,,,,,,,,130x6,121x8,,,
4,,275x3,,,,185x3,,,,,,,,,,,,,,,,,,,,,145x6,143x4,,,
5,,275x3,,,,195x2,,,,,,,,,,,,,,,,,,,,,,,,,
6,,,,,,135x12,,,,,,,,,,,,,,,,,,,,,,,,,
dropset,,,,,,,,,,,,,,,,,,,,,,,,,,,,,,,
,,,,,,,,,,,,,,,,,,,,,,,,,,,,,,,
2/13/2024,157.6,,,,,,,,,,,,,,,,,,,,,,,,,,,,,,
1,,135x10,,,,135x10,,,,,30x8,,,,,,,,,,,,,,,,100x10,,,,
2,,185x8,,,,155x8,,,,,30x8,,,,,,,,,,,,,,,,115x8,,,,
3,,225x5,,,,175x5,,,,,30x8,,,,,,,,,,,,,,,,130x8,,,,
4,,275x3,,,,185x3,,,,,,,,,,,,,,,,,,,,,145x6,,,,
5,,295x2,,,,195x3,,,,,,,,,,,,,,,,,,,,,,,,,
6,,,,,,135x10,,,,,,,,,,,,,,,,,,,,,,,,,
dropset,,,,,,,,,,,,,,,,,,,,,,,,,,,,,,,
,,,,,,,,,,,,,,,,,,,,,,,,,,,,,,,
2/16/2024,157.7,,,,,,,,,,,,,,,,,,,,,,,,,,,,,,
1,,135x10,,,,135x10,,,,,,,,,,,,,,,,,,,,,,,,,
2,,185x10,,,,155x8,,,,,,,,,,,,,,,,,,,,,,,,,
3,,225x6,,,,175x6,,,,,,,,,,,,,,,,,,,,,,,,,
4,,275x4,,,,185x4,,,,,,,,,,,,,,,,,,,,,,,,,
5,,295x2,,,,195x1,,,,,,,,,,,,,,,,,,,,,,,,,
6,,,,,,185x4,,,,,,,,,,,,,,,,,,,,,,,,,
dropset,,,,,,,,,,,,,,,,,,,,,,,,,,,,,,,
,,,,,,,,,,,,,,,,,,,,,,,,,,,,,,,
2/20/2024,157.4,,,,,,,,,,,,,,,,,,,,,,,,,,,,,,
1,,135x10,,,,135x10,,,,,,,,,,,,,,,,,,,,,,,,,
2,,225x6,,,,155x8,,,,,,,,,,,,,,,,,,,,,,,,,
3,,275x4,,,,175x5,,,,,,,,,,,,,,,,,,,,,,,,,
4,,295x2,,,,185x3,,,,,,,,,,,,,,,,,,,,,,,,,
5,,315x2,,,,195x3,,,,,,,,,,,,,,,,,,,,,,,,,
6,,,,,,205x2,,,,,,,,,,,,,,,,,,,,,,,,,
dropset,,,,,,,,,,,,,,,,,,,,,,,,,,,,,,,
,,,,,,,,,,,,,,,,,,,,,,,,,,,,,,,
2/24/2024,157.3,,,,,135x10,,,,,,,,,,,,,,,,,,,,,,,,,
1,,135x10,,,,155x8,,,,,,,,,,,,,,,,,,,,,,,,,
2,,225x6,,,,175x5,,,,,,,,,,,,,,,,,,,,,,,,,
3,,275x4,,,,185x3,,,,,,,,,,,,,,,,,,,,,,,,,
4,,295x2,,,,205x2,,,,,,,,,,,,,,,,,,,,,,,,,
5,,315x2,,,,205x2,,,,,,,,,,,,,,,,,,,,,,,,,
6,,,,,,,,,,,,,,,,,,,,,,,,,,,,,,,
dropset,,,,,,,,,,,,,,,,,,,,,,,,,,,,,,,
,,,,,,,,,,,,,,,,,,,,,,,,,,,,,,,
2/26/2024,157.1,,,,,,,,,,,,,,,,,,,,,,,,,,,,,,
1,,135x10,,,,135x10,,,,,,,,,,,,,,,,,,,,,,,,,
2,,225x6,,,,155x8,,,,,,,,,,,,,,,,,,,,,,,,,
3,,275x5,,,,175x5,,,,,,,,,,,,,,,,,,,,,,,,,
4,,295x2,,,,185x3,,,,,,,,,,,,,,,,,,,,,,,,,
5,,315x2,,,,205x2,,,,,,,,,,,,,,,,,,,,,,,,,
6,,,,,,215x1,,,,,,,,,,,,,,,,,,,,,,,,,
dropset,,,,,,,,,,,,,,,,,,,,,,,,,,,,,,,
,,,,,,,,,,,,,,,,,,,,,,,,,,,,,,,
3/2/2024,156.9,,,,,,,,,,,,,,,,,,,,,,,,,,,,,,
1,,135x10,,,,135x10,,,,,,,,,,,,,,,,,,,,,,,,,
2,,225x6,,,,155x8,,,,,,,,,,,,,,,,,,,,,,,,,
3,,275x5,,,,185x5,,,,,,,,,,,,,,,,,,,,,,,,,
4,,315x2,,,,205x2,,,,,,,,,,,,,,,,,,,,,,,,,
5,,325x2,,,,215x2,,,,,,,,,,,,,,,,,,,,,,,,,
6,,,,,,185x6,,,,,,,,,,,,,,,,,,,,,,,,,
dropset,,,,,,,,,,,,,,,,,,,,,,,,,,,,,,,
,,,,,,,,,,,,,,,,,,,,,,,,,,,,,,,
3/4/2024,157.0,,,,,,,,,,,,,,,,,,,,,,,,,,,,,,
1,,135x10,45x10,,,135x10,,,,,,,,,,,,,,,,,,,,,,,,,
2,,225x6,65x10,,,155x8,,,,,,,,,,,,,,,,,,,,,,,,,
3,,275x5,85x6,,,185x5,,,,,,,,,,,,,,,,,,,,,,,,,
4,,315x3,85x6,,,185x5,,,,,,,,,,,,,,,,,,,,,,,,,
5,,315x3,,,,185x5,,,,,,,,,,,,,,,,,,,,,,,,,
6,,,,,,135x5,,,,,,,,,,,,,,,,,,,,,,,,,
dropset,,,,,,,,,,,,,,,,,,,,,,,,,,,,,,,
,,,,,,,,,,,,,,,,,,,,,,,,,,,,,,,
3/9/2024,156.7,,,,,,,,,,,,,,,,,,,,,,,,,,,,,,
1,,135x10,,,,135x10,,,,,,,,,,,,,,,,,,,,,,,,,
2,,225x6,,,,155x8,,,,,,,,,,,,,,,,,,,,,,,,,
3,,275x5,,,,185x5,,,,,,,,,,,,,,,,,,,,,,,,,
4,,315x3,,,,195x5,,,,,,,,,,,,,,,,,,,,,,,,,
5,,325x3,,,,195x5,,,,,,,,,,,,,,,,,,,,,,,,,
6,,,,,,,,,,,,,,,,,,,,,,,,,,,,,,,
dropset,,,,,,,,,,,,,,,,,,,,,,,,,,,,,,,
,,,,,,,,,,,,,,,,,,,,,,,,,,,,,,,
3/11/2024,156.6,,,,,,,,,,,,,,,,,,,,,,,,,,,,,,
1,,135x10,,,,135x10,,,,,,,,,,,,,,,,,,,,,,,,,
2,,225x7,,,,155x8,,,,,,,,,,,,,,,,,,,,,,,,,
3,,275x5,,,,185x6,,,,,,,,,,,,,,,,,,,,,,,,,
4,,315x3,,,,195x5,,,,,,,,,,,,,,,,,,,,,,,,,
5,,325x3,,,,185x7,,,,,,,,,,,,,,,,,,,,,,,,,
6,,,,,,,,,,,,,,,,,,,,,,,,,,,,,,,
dropset,,,,,,,,,,,,,,,,,,,,,,,,,,,,,,,
,,,,,,,,,,,,,,,,,,,,,,,,,,,,,,,
3/12/2024,156.7,,,,,,,,,,,,,,,,,,,,,,,,,,,,,,
1,,135x10,,135x10,,135x10,,,,,,,,,,,,,,,,,,,,,,,,,
2,,225x6,,135x10,,155x8,,,,,,,,,,,,,,,,,,,,,,,,,
3,,225x6,,225x8,,185x6,,,,,,,,,,,,,,,,,,,,,,,,,
4,,,,275x5,,195x3,,,,,,,,,,,,,,,,,,,,,,,,,
5,,,,315x2,,,,,,,,,,,,,,,,,,,,,,,,,,,
6,,,,,,,,,,,,,,,,,,,,,,,,,,,,,,,
dropset,,,,,,,,,,,,,,,,,,,,,,,,,,,,,,,
,,,,,,,,,,,,,,,,,,,,,,,,,,,,,,,
3/15/2024,156.4,,,,,,,,,,,,,,,,,,,,,,,,,,,,,,
1,,135x10,,,,135x10,,,,,,,,,,,,,,,,,,,,,,,,,
2,,225x7,,,,155x8,,,,,,,,,,,,,,,,,,,,,,,,,
3,,275x5,,,,185x5,,,,,,,,,,,,,,,,,,,,,,,,,
4,,315x3,,,,195x5,,,,,,,,,,,,,,,,,,,,,,,,,
5,,335x2,,,,205x3,,,,,,,,,,,,,,,,,,,,,,,,,
6,,,,,,,,,,,,,,,,,,,,,,,,,,,,,,,
dropset,,,,,,,,,,,,,,,,,,,,,,,,,,,,,,,
,,,,,,,,,,,,,,,,,,,,,,,,,,,,,,,
3/18/2024,156.4,,,,,,,,,,,,,,,,,,,,,,,,,,,,,,
1,,,,135x10,,135x10,,,,,,,,,,,,,,,,,,,,,,,,,
2,,,,225x8,,155x8,,,,,,,,,,,,,,,,,,,,,,,,,
3,,,,275x6,,185x6,,,,,,,,,,,,,,,,,,,,,,,,,
4,,,,315x3,,195x5,,,,,,,,,,,,,,,,,,,,,,,,,
5,,,,345x2,,205x2,,,,,,,,,,,,,,,,,,,,,,,,,
6,,,,,,215x1,,,,,,,,,,,,,,,,,,,,,,,,,
dropset,,,,,,,,,,,,,,,,,,,,,,,,,,,,,,,
,,,,,,,,,,,,,,,,,,,,,,,,,,,,,,,
3/24/2024,156.4,,,,,,,,,,,,,,,,,,,,,,,,,,,,,,
1,,135x10,,,,135x10,,,,,,,,,,,,,,,,,,,,,,,,,
2,,225x7,,,,155x8,,,,,,,,,,,,,,,,,,,,,,,,,
3,,275x5,,,,185x5,,,,,,,,,,,,,,,,,,,,,,,,,
4,,315x3,,,,205x3,,,,,,,,,,,,,,,,,,,,,,,,,
5,,315x3,,,,195x5,,,,,,,,,,,,,,,,,,,,,,,,,
6,,,,,,,,,,,,,,,,,,,,,,,,,,,,,,,
dropset,,,,,,,,,,,,,,,,,,,,,,,,,,,,,,,
,,,,,,,,,,,,,,,,,,,,,,,,,,,,,,,
3/26/2024,156.5,,,,,,,,,,,,,,,,,,,,,,,,,,,,,,
1,,,,135x10,,135x10,,,,,,,,,,,,,,,,,,,,,,,,,
2,,,,225x8,,155x8,,,,,,,,,,,,,,,,,,,,,,,,,
3,,,,315x4,,185x6,,,,,,,,,,,,,,,,,,,,,,,,,
4,,,,365x3,,205x3,,,,,,,,,,,,,,,,,,,,,,,,,
5,,,,405x2,,135x12,,,,,,,,,,,,,,,,,,,,,,,,,
6,,,,,,,,,,,,,,,,,,,,,,,,,,,,,,,
dropset,,,,,,,,,,,,,,,,,,,,,,,,,,,,,,,
,,,,,,,,,,,,,,,,,,,,,,,,,,,,,,,
4/4/2024,155.9,,,,,,,,,,,,,,,,,,,,,,,,,,,,,,
1,,135x10,,,,135x10,,,,,,,,,,,,,,,,,,,,,,,,,
2,,225x7,,,,155x8,,,,,,,,,,,,,,,,,,,,,,,,,
3,,275x5,,,,185x6,,,,,,,,,,,,,,,,,,,,,,,,,
4,,315x3,,,,205x3,,,,,,,,,,,,,,,,,,,,,,,,,
5,,315x3,,,,135x12,,,,,,,,,,,,,,,,,,,,,,,,,
6,,,,,,,,,,,,,,,,,,,,,,,,,,,,,,,
dropset,,,,,,,,,,,,,,,,,,,,,,,,,,,,,,,
,,,,,,,,,,,,,,,,,,,,,,,,,,,,,,,
4/7/2024,155.7,,,,,,,,,,,,,,,,,,,,,,,,,,,,,,
1,,,,135x10,,135x10,,,,,,,,,,,,,,,,,,,,,,,,,
2,,,,225x8,,155x8,,,,,,,,,,,,,,,,,,,,,,,,,
3,,,,315x4,,185x6,,,,,,,,,,,,,,,,,,,,,,,,,
4,,,,365x3,,205x3,,,,,,,,,,,,,,,,,,,,,,,,,
5,,,,405x2,,215x2,,,,,,,,,,,,,,,,,,,,,,,,,
6,,,,425x2,,,,,,,,,,,,,,,,,,,,,,,,,,,
dropset,,,,,,,,,,,,,,,,,,,,,,,,,,,,,,,
,,,,,,,,,,,,,,,,,,,,,,,,,,,,,,,
4/10/2024,155.6,,,,,,,,,,,,,,,,,,,,,,,,,,,,,,
1,,135x10,,,,135x10,,,,,,,,,,,,,,,,,,,,,,,,,
2,,225x7,,,,155x8,,,,,,,,,,,,,,,,,,,,,,,,,
3,,275x5,,,,185x6,,,,,,,,,,,,,,,,,,,,,,,,,
4,,315x3,,,,205x3,,,,,,,,,,,,,,,,,,,,,,,,,
5,,335x2,,,,225x2,,,,,,,,,,,,,,,,,,,,,,,,,
6,,,,,,,,,,,,,,,,,,,,,,,,,,,,,,,
dropset,,,,,,,,,,,,,,,,,,,,,,,,,,,,,,,
,,,,,,,,,,,,,,,,,,,,,,,,,,,,,,,
4/14/2024,155.7,,,,,,,,,,,,,,,,,,,,,,,,,,,,,,
1,,,,135x10,,,,,,,,,,,,,,,,,,,,,,,,,,,
2,,,,225x8,,,,,,,,,,,,,,,,,,,,,,,,,,,
3,,,,315x4,,,,,,,,,,,,,,,,,,,,,,,,,,,
4,,,,365x3,,,,,,,,,,,,,,,,,,,,,,,,,,,
5,,,,405x1,,,,,,,,,,,,,,,,,,,,,,,,,,,
6,,,,445x2,,,,,,,,,,,,,,,,,,,,,,,,,,,
dropset,,,,,,,,,,,,,,,,,,,,,,,,,,,,,,,
,,,,,,,,,,,,,,,,,,,,,,,,,,,,,,,
4/22/2024,155.5,,,,,,,,,,,,,,,,,,,,,,,,,,,,,,
1,,135x10,,,,135x10,,,,,,,,,,,,,,,,,,,,,,,,,
2,,225x7,,,,155x8,,,,,,,,,,,,,,,,,,,,,,,,,
3,,275x5,,,,185x6,,,,,,,,,,,,,,,,,,,,,,,,,
4,,315x2,,,,185x4,,,,,,,,,,,,,,,,,,,,,,,,,
5,,315x2,,,,185x4,,,,,,,,,,,,,,,,,,,,,,,,,
6,,,,,,,,,,,,,,,,,,,,,,,,,,,,,,,
dropset,,,,,,,,,,,,,,,,,,,,,,,,,,,,,,,
,,,,,,,,,,,,,,,,,,,,,,,,,,,,,,,
5/12/2024,154.9,,,,,,,,,,,,,,,,,,,,,,,,,,,,,,
1,,135x10,,,,135x10,,,,,,,,,,,,,,,,80x12,,,,,,,,,
2,,225x7,,,,155x8,,,,,,,,,,,,,,,,80x12,,,,,,,,,
3,,275x4,,,,175x5,,,,,,,,,,,,,,,,100x7,,,,,,,,,
4,,275x4,,,,175x5,,,,,,,,,,,,,,,,100x7,,,,,,,,,
5,,,,,,,,,,,,,,,,,,,,,,,,,,,,,,,
6,,,,,,,,,,,,,,,,,,,,,,,,,,,,,,,
dropset,,,,,,,,,,,,,,,,,,,,,,,,,,,,,,,
,,,,,,,,,,,,,,,,,,,,,,,,,,,,,,,
5/21/2024,154.5,,,,,,,,,,,,,,,,,,,,,,,,,,,,,,
1,,135x10,,,,135x10,,,,,,,50x10,,,,,,,,,,25x10,,,,100x10,,,,
2,,225x6,,,,155x8,,,,,,,50x7,,,,,,,,,,25x10,,,,115x8,,,,
3,,225x6,,,,155x8,,,,,,,,,,,,,,,,,,,,,130x8,,,,
4,,275x3,,,,175x3,,,,,,,,,,,,,,,,,,,,,145x6,,,,
5,,275x3,,,,155x8,,,,,,,,,,,,,,,,,,,,,,,,,
6,,,,,,,,,,,,,,,,,,,,,,,,,,,,,,,
dropset,,,,,,,,,,,,,,,,,,,,,,,,,,,,,,,
,,,,,,,,,,,,,,,,,,,,,,,,,,,,,,,
5/23/2024,154.2,,,,,,,,,,,,,,,,,,,,,,,,,,,,,,
1,,135x10,,,,135x10,,,,,,,,,,,,,,,,,,,,,100x10,88x10,,,
2,,225x7,,,,155x8,,,,,,,,,,,,,,,,,,,,,115x8,100x10,,,
3,,275x4,,,,175x5,,,,,,,,,,,,,,,,,,,,,130x8,121x8,,,
4,,275x4,,,,185x3,,,,,,,,,,,,,,,,,,,,,145x6,143x4,,,
5,,275x4,,,,,,,,,,,,,,,,,,,,,,,,,,,,,
6,,,,,,,,,,,,,,,,,,,,,,,,,,,,,,,
dropset,,,,,,,,,,,,,,,,,,,,,,,,,,,,,,,
,,,,,,,,,,,,,,,,,,,,,,,,,,,,,,,
5/27/2024,154.3,,,,,,,,,,,,,,,,,,,,,,,,,,,,,,
1,,135x10,,,,135x10,,,,,,,,,,,,,,,,,25x10,,,,,88x10,,,
2,,225x7,,,,155x8,,,,,,,,,,,,,,,,,25x10,,,,,100x10,,,
3,,275x5,,,,175x5,,,,,,,,,,,,,,,,,,,,,,121x10,,,
4,,295x2,,,,175x5,,,,,,,,,,,,,,,,,,,,,,143x4,,,
5,,315x2,,,,185x3,,,,,,,,,,,,,,,,,,,,,,,,,
6,,,,,,,,,,,,,,,,,,,,,,,,,,,,,,,
dropset,,,,,,,,,,,,,,,,,,,,,,,,,,,,,,,
,,,,,,,,,,,,,,,,,,,,,,,,,,,,,,,
5/30/2024,154.2,,,,,135x10,,,,,,,,,,,,,,,,,,,,,,,,,
1,,135x10,,,,155x8,,,,,,,,,,,,,,,,,,,,,100x10,,,,
2,,225x7,,,,175x4,,,,,,,,,,,,,,,,,,,,,115x8,,,,
3,,275x5,,,,185x3,,,,,,,,,,,,,,,,,,,,,130x8,,,,
4,,315x2,,,,195x2,,,,,,,,,,,,,,,,,,,,,150x6,,,,
5,,315x2,,,,135x12,,,,,,,,,,,,,,,,,,,,,,,,,
6,,,,,,,,,,,,,,,,,,,,,,,,,,,,,,,
dropset,,,,,,,,,,,,,,,,,,,,,,,,,,,,,,,
,,,,,,,,,,,,,,,,,,,,,,,,,,,,,,,
6/2/2025,162.5,,,,,,,,,,,,,,,,,,,,,,,,,,,,,,
1,,135x10,,,,135x10,,,,,,,,,,,,,,,,,25x10,,,,,88x10,,,
2,,225x7,,,,155x8,,,,,,,,,,,,,,,,,25x10,,,,,100x10,,,
3,,275x5,,,,175x4,,,,,,,,,,,,,,,,,,,,,,121x10,,,
4,,315x2,,,,185x3,,,,,,,,,,,,,,,,,,,,,,143x4,,,
5,,315x2,,,,195x3,,,,,,,,,,,,,,,,,,,,,,,,,
6,,,,,,135x12,,,,,,,,,,,,,,,,,,,,,,,,,
dropset,,,,,,,,,,,,,,,,,,,,,,,,,,,,,,,
,,,,,,,,,,,,,,,,,,,,,,,,,,,,,,,
6/5/2025,162.7,,,,,,,,,,,,,,,,,,,,,,,,,,,,,,
1,,135x10,,,,135x10,,,,,,,,,,,,,,,,,,,,,100x10,,,,
2,,225x7,,,,155x8,,,,,,,,,,,,,,,,,,,,,115x10,,,,
3,,275x5,,,,175x4,,,,,,,,,,,,,,,,,,,,,130x8,,,,
4,,315x3,,,,185x3,,,,,,,,,,,,,,,,,,,,,150x6,,,,
5,,315x2,,,,195x2,,,,,,,,,,,,,,,,,,,,,,,,,
6,,,,,,205x2,,,,,,,,,,,,,,,,,,,,,,,,,
dropset,,,,,,,,,,,,,,,,,,,,,,,,,,,,,,,
,,,,,,,,,,,,,,,,,,,,,,,,,,,,,,,
6/9/2025,162.8,,,,,,,,,,,,,,,,,,,,,,,,,,,,,,
1,,135x10,,,,135x10,,,,,,,,,,,,,,,,,,,,,,,,,
2,,225x7,,,,155x8,,,,,,,,,,,,,,,,,,,,,,,,,
3,,275x5,,,,175x6,,,,,,,,,,,,,,,,,,,,,,,,,
4,,315x3,,,,185x5,,,,,,,,,,,,,,,,,,,,,,,,,
5,,315x3,,,,195x3,,,,,,,,,,,,,,,,,,,,,,,,,
6,,,,,,,,,,,,,,,,,,,,,,,,,,,,,,,
dropset,,,,,,,,,,,,,,,,,,,,,,,,,,,,,,,
,,,,,,,,,,,,,,,,,,,,,,,,,,,,,,,
6/11/2025,162.5,,,,,,,,,,,,,,,,,,,,,,,,,,,,,,
1,,135x10,,,,135x10,,,,,,,,,,,,,,,,,,,,,,,,,
2,,225x7,,,,155x8,,,,,,,,,,,,,,,,,,,,,,,,,
3,,275x5,,,,185x5,,,,,,,,,,,,,,,,,,,,,,,,,
4,,315x3,,,,195x2,,,,,,,,,,,,,,,,,,,,,,,,,
5,,315x3,,,,205x2,,,,,,,,,,,,,,,,,,,,,,,,,
6,,,,,,,,,,,,,,,,,,,,,,,,,,,,,,,
dropset,,,,,,,,,,,,,,,,,,,,,,,,,,,,,,,
,,,,,,,,,,,,,,,,,,,,,,,,,,,,,,,
6/15/2025,162.8,,,,,,,,,,,,,,,,,,,,,,,,,,,,,,
1,,135x10,,,,135x10,,,,,,,80x8,,,,,,,,,,,,,,115x10,,,,
2,,225x7,,,,155x8,,,,,,,100x4,,,,,,,,,,,,,,130x8,,,,
3,,275x5,,,,185x5,,,,,,,100x4,,,,,,,,,,,,,,150x6,,,,
4,,315x3,,,,195x4,,,,,,,,,,,,,,,,,,,,,150x6,,,,
5,,315x3,,,,205x3,,,,,,,,,,,,,,,,,,,,,,,,,
6,,,,,,,,,,,,,,,,,,,,,,,,,,,,,,,
dropset,,,,,,,,,,,,,,,,,,,,,,,,,,,,,,,
,,,,,,,,,,,,,,,,,,,,,,,,,,,,,,,
6/17/2025,162.7,,,,,,,,,,,,,,,,,,,,,,,,,,,,,,
1,,,,135x10,,135x10,,,,,30x8,,,,,,,,,,,,,,,,,,,,
2,,,,225x8,,155x8,,,,,30x8,,,,,,,,,,,,,,,,,,,,
3,,,,315x4,,185x5,,,,,30x8,,,,,,,,,,,,,,,,,,,,
4,,,,315x4,,195x4,,,,,,,,,,,,,,,,,,,,,,,,,
5,,,,,,205x3,,,,,,,,,,,,,,,,,,,,,,,,,
6,,,,,,,,,,,,,,,,,,,,,,,,,,,,,,,
dropset,,,,,,,,,,,,,,,,,,,,,,,,,,,,,,,
,,,,,,,,,,,,,,,,,,,,,,,,,,,,,,,
6/20/2025,162.9,,,,,,,,,,,,,,,,,,,,,,,,,,,,,,
1,,135x10,,,,135x10,,,,,,,,,,,,,,,,,,,,,,,,,
2,,225x7,,,,155x8,,,,,,,,,,,,,,,,,,,,,,,,,
3,,275x5,,,,185x5,,,,,,,,,,,,,,,,,,,,,,,,,
4,,315x3,,,,195x4,,,,,,,,,,,,,,,,,,,,,,,,,
5,,325x2,,,,205x3,,,,,,,,,,,,,,,,,,,,,,,,,
6,,,,,,215x2,,,,,,,,,,,,,,,,,,,,,,,,,
dropset,,,,,,,,,,,,,,,,,,,,,,,,,,,,,,,
,,,,,,,,,,,,,,,,,,,,,,,,,,,,,,,
6/25/2025,163.1,,,,,,,,,,,,,,,,,,,,,,,,,,,,,,
1,,135x10,,,,135x10,,,,,,,,,,,,,,,,,,,,,,,,,
2,,225x7,,,,155x8,,,,,,,,,,,,,,,,,,,,,,,,,
3,,275x5,,,,185x5,,,,,,,,,,,,,,,,,,,,,,,,,
4,,315x3,,,,195x4,,,,,,,,,,,,,,,,,,,,,,,,,
5,,325x2,,,,205x2,,,,,,,,,,,,,,,,,,,,,,,,,
6,,,,,,215x2,,,,,,,,,,,,,,,,,,,,,,,,,
dropset,,,,,,,,,,,,,,,,,,,,,,,,,,,,,,,
,,,,,,,,,,,,,,,,,,,,,,,,,,,,,,,
6/30/2025,163.0,,,,,,,,,,,,,,,,,,,,,,,,,,,,,,
1,,135x10,,,,135x10,,,,,,,80x8,,,,,,,,,,,,,,,,,,
2,,225x7,,,,155x8,,,,,,,100x6,,,,,,,,,,,,,,,,,,
3,,275x5,,,,185x5,,,,,,,100x6,,,,,,,,,,,,,,,,,,
4,,315x3,,,,195x4,,,,,,,,,,,,,,,,,,,,,,,,,
5,,325x2,,,,205x2,,,,,,,,,,,,,,,,,,,,,,,,,
6,,,,,,215x2,,,,,,,,,,,,,,,,,,,,,,,,,
dropset,,,,,,,,,,,,,,,,,,,,,,,,,,,,,,,
,,,,,,,,,,,,,,,,,,,,,,,,,,,,,,,
11/12/2025,166.0,,,,,,,,,,,,,,,,,,,,,,,,,,,,,,
1,,45x10,,,,45x10,,,,,,,40x10,,,,,,,,,,,,,,,40x10,,,
2,,135x10,,,,95x10,,,,,,,50x5,,,,,,,,,,,,,,,50x8,,,
3,,185x6,,,,135x10,,,,,,,45x7,,,,,,,,,,,,,,,50x4,,,
4,,225x4,,,,155x5,,,,,,,40x6,,,,,,,,,,,,,,,40x12,,,
5,,,,,,135x7,,,,,,,,,,,,,,,,,,,,,,,,,
6,,,,,,,,,,,,,,,,,,,,,,,,,,,,,,,
dropset,,,,,,,,,,,,,,,,,,,,,,,,,,,,,,,
,,,,,,,,,,,,,,,,,,,,,,,,,,,,,,,
11/15/2025,166.0,,,,,,,,,,,,,,,,,,,,,,,,,,,,,,
1,,135x10,,,,135x8,,,,,,,40x10,,,,,,,,,,,,,,,40x10,,,
2,,135x10,,,,135x7,,,,,,,40x10,,,,,,,,,,,,,,,50x6,,,
3,,185x6,,,,135x6,,,,,,,45x6,,,,,,,,,,,,,,,50x7,,,
4,,225x5,,,,135x6,,,,,,,40x8,,,,,,,,,,,,,,,50x8,,,
5,,,,,,95x10,,,,,,,,,,,,,,,,,,,,,,,,,
6,,,,,,,,,,,,,,,,,,,,,,,,,,,,,,,
dropset,,,,,,,,,,,,,,,,,,,,,,,,,,,,,,,
,,,,,,,,,,,,,,,,,,,,,,,,,,,,,,,
11/17/2025,166.1,,,,,,,,,,,,,,,,,,,,,,,,,,,,,,
1,,135x10,,,,135x10,,,,,,,40x10,,,,,,,,,,,,,,,40x10,,,
2,,185x7,,,,155x5,,,,,,,40x10,,,,,,,,,,,,,,,50x6,,,
3,,225x6,,,,155x4,,,,,,,45x6,,,,,,,,,,,,,,,50x7,,,
4,,245x4,,,,135x10,,,,,,,40x8,,,,,,,,,,,,,,,50x8,,,
5,,275x2,,,,,,,,,,,,,,,,,,,,,,,,,,,,,
6,,,,,,,,,,,,,,,,,,,,,,,,,,,,,,,
dropset,,,,,,,,,,,,,,,,,,,,,,,,,,,,,,,
,,,,,,,,,,,,,,,,,,,,,,,,,,,,,,,
11/20/2025,166.2,,,,,,,,,,,,,,,,,,,,,,,,,,,,,,
1,,135x10,,,,135x10,,,,,,,50x10,,,,,,,,,,,,,,,45x10,,,
2,,185x7,,,,135x10,,,,,,,50x6,,,,,,,,,,,,,,,50x7,,,
3,,225x6,,,,155x6,,,,,,,45x8,,,,,,,,,,,,,,,50x7,,,
4,,275x2,,,,155x6,,,,,,,45x7,,,,,,,,,,,,,,,50x7,,,
5,,275x2,,,,135x6,,,,,,,,,,,,,,,,,,,,,,,,,
6,,,,,,,,,,,,,,,,,,,,,,,,,,,,,,,
dropset,,,,,,,,,,,,,,,,,,,,,,,,,,,,,,,
,,,,,,,,,,,,,,,,,,,,,,,,,,,,,,,
11/25/2025,166.4,,,,,,,,,,,,,,,,,,,,,,,,,,,,,,
1,,135x10,,,,135x10,,,,,,,,,,,,,,,,,,,,,,,,,
2,,185x7,,,,135x10,,,,,,,,,,,,,,,,,,,,,,,,,
3,,225x6,,,,155x5,,,,,,,,,,,,,,,,,,,,,,,,,
4,,275x3,,,,155x6,,,,,,,,,,,,,,,,,,,,,,,,,
5,,275x3,,,,135x10,,,,,,,,,,,,,,,,,,,,,,,,,
6,,,,,,,,,,,,,,,,,,,,,,,,,,,,,,,
dropset,,,,,,,,,,,,,,,,,,,,,,,,,,,,,,,
,,,,,,,,,,,,,,,,,,,,,,,,,,,,,,,
12/1/2025,166.6,,,,,,,,,,,,,,,,,,,,,,,,,,,,,,
1,,135x10,45x10,,,135x10,,,,,,,,,,,,,,,,,,,,,,,,,
2,,225x5,65x8,,,135x10,,,,,,,,,,,,,,,,,,,,,,,,,
3,,225x5,65x6,,,155x5,,,,,,,,,,,,,,,,,,,,,,,,,
4,,225x5,65x6,,,155x6,,,,,,,,,,,,,,,,,,,,,,,,,
5,,225x5,,,,95x15,,,,,,,,,,,,,,,,,,,,,,,,,
6,,,,,,,,,,,,,,,,,,,,,,,,,,,,,,,
dropset,,,,,,,,,,,,,,,,,,,,,,,,,,,,,,,
,,,,,,,,,,,,,,,,,,,,,,,,,,,,,,,
12/3/2025,166.5,,,,,,,,,,,,,,,,,,,,,,,,,,,,,,
1,,135x10,,,,135x10,,,,,,,,,,,,,,,,,,,,,,,,,
2,,225x6,,,,135x10,,,,,,,,,,,,,,,,,,,,,,,,,
3,,275x3,,,,135x10,,,,,,,,,,,,,,,,,,,,,,,,,
4,,275x3,,,,95x15,,,,,,,,,,,,,,,,,,,,,,,,,
5,,295x2,,,,,,,,,,,,,,,,,,,,,,,,,,,,,
6,,,,,,,,,,,,,,,,,,,,,,,,,,,,,,,
dropset,,,,,,,,,,,,,,,,,,,,,,,,,,,,,,,
,,,,,,,,,,,,,,,,,,,,,,,,,,,,,,,
12/8/2025,166.7,,,,,,,,,,,,,,,,,,,,,,,,,,,,,,
1,,135x10,,,,135x10,,,,,,,50x10,,,,,,,,,,,,,,115x10,,,,
2,,225x6,,,,155x6,,,,,,,50x6,,,,,,,,,,,,,,130x8,,,,
3,,275x3,,,,165x5,,,,,,,45x8,,,,,,,,,,,,,,130x5,,,,
4,,295x2,,,,175x4,,,,,,,45x7,,,,,,,,,,,,,,115x10,,,,
5,,295x2,,,,135x12,,,,,,,,,,,,,,,,,,,,,,,,,
6,,,,,,,,,,,,,,,,,,,,,,,,,,,,,,,
dropset,,,,,,,,,,,,,,,,,,,,,,,,,,,,,,,
,,,,,,,,,,,,,,,,,,,,,,,,,,,,,,,
12/11/2025,166.7,,,,,,,,,,,,,,,,,,,,,,,,,,,,,,
1,,135x10,,,,135x10,,,,,,,,,,,,,,,,,,,,,115x10,,,,
2,,225x6,,,,155x6,,,,,,,,,,,,,,,,,,,,,130x7,,,,
3,,275x4,,,,175x4,,,,,,,,,,,,,,,,,,,,,130x7,,,,
4,,295x2,,,,185x2,,,,,,,,,,,,,,,,,,,,,115x10,,,,
5,,315x2,,,,135x12,,,,,,,,,,,,,,,,,,,,,,,,,
6,,,,,,,,,,,,,,,,,,,,,,,,,,,,,,,
dropset,,,,,,,,,,,,,,,,,,,,,,,,,,,,,,,
,,,,,,,,,,,,,,,,,,,,,,,,,,,,,,,
12/15/2025,166.8,,,,,,,,,,,,,,,,,,,,,,,,,,,,,,
1,,135x10,,,,135x10,,,,,,,,,,,,,,,,,,,,,,,,,
2,,225x7,,,,155x7,,,,,,,,,,,,,,,,,,,,,,,,,
3,,275x4,,,,175x5,,,,,,,,,,,,,,,,,,,,,,,,,
4,,275x4,,,,185x2,,,,,,,,,,,,,,,,,,,,,,,,,
5,,275x4,,,,135x12,,,,,,,,,,,,,,,,,,,,,,,,,
6,,,,,,,,,,,,,,,,,,,,,,,,,,,,,,,
dropset,,,,,,,,,,,,,,,,,,,,,,,,,,,,,,,
,,,,,,,,,,,,,,,,,,,,,,,,,,,,,,,
12/29/2025,167.3,,,,,,,,,,,,,,,,,,,,,,,,,,,,,,
1,,135x10,,,,135x10,,,,,,,50x10,,,,,,,,,,,,,,115x10,,,,
2,,225x7,,,,155x7,,,,,,,50x10,,,,,,,,,,,,,,130x7,,,,
3,,275x4,,,,155x7,,,,,,,77x8,,,,,,,,,,,,,,130x7,,,,
4,,275x4,,,,175x4,,,,,,,77x8,,,,,,,,,,,,,,115x10,,,,
5,,275x4,,,,175x4,,,,,,,,,,,,,,,,,,,,,,,,,
6,,,,,,,,,,,,,,,,,,,,,,,,,,,,,,,
dropset,,,,,,,,,,,,,,,,,,,,,,,,,,,,,,,
,,,,,,,,,,,,,,,,,,,,,,,,,,,,,,,
1/6/2026,167.6,,,,,,,,,,,,,,,,,,,,,,,,,,,,,,
1,,135x10,,,,135x10,,,,,,,50x10,,,,,,,,,,,,,,115x10,,,,
2,,225x7,,,,155x7,,,,,,,77x8,,,,,,,,,,,,,,130x7,,,,
3,,275x4,,,,155x7,,,,,,,88x7,,,,,,,,,,,,,,130x7,,,,
4,,275x4,,,,175x4,,,,,,,99x5,,,,,,,,,,,,,,115x10,,,,
5,,275x4,,,,175x4,,,,,,,,,,,,,,,,,,,,,,,,,
6,,,,,,,,,,,,,,,,,,,,,,,,,,,,,,,
dropset,,,,,,,,,,,,,,,,,,,,,,,,,,,,,,,
,,,,,,,,,,,,,,,,,,,,,,,,,,,,,,,
1/23/2026,167.8,,,,,,,,,,,,,,,,,,,,,,,,,,,,,,
1,,135x10,,,,135x10,,,,,,,,,,,,,,,,,,,,,,,,,
2,,225x6,,,,155x7,,,,,,,,,,,,,,,,,,,,,,,,,
3,,225x6,,,,155x5,,,,,,,,,,,,,,,,,,,,,,,,,
4,,225x6,,,,155x4,,,,,,,,,,,,,,,,,,,,,,,,,
5,,225x6,,,,135x8,,,,,,,,,,,,,,,,,,,,,,,,,
6,,,,,,,,,,,,,,,,,,,,,,,,,,,,,,,
dropset,,,,,,,,,,,,,,,,,,,,,,,,,,,,,,,
,,,,,,,,,,,,,,,,,,,,,,,,,,,,,,,
1/25/2026,167.8,,,,,,,,,,,,,,,,,,,,,,,,,,,,,,
1,,,45x10,,,,,,,,30x8,,50x10,,,,,,,,,,,,,,115x10,,,,
2,,,65x8,,,,,,,,35x8,,88x7,,,,,,,,,,,,,,130x7,,,,
3,,,85x8,,,,,,,,35x8,,88x7,,,,,,,,,,,,,,130x7,,,,
4,,,95x6,,,,,,,,35x8,,88x7,,,,,,,,,,,,,,130x7,,,,
5,,,,,,,,,,,,,,,,,,,,,,,,,,,,,,,
6,,,,,,,,,,,,,,,,,,,,,,,,,,,,,,,
dropset,,,,,,,,,,,,,,,,,,,,,,,,,,,,,,,
,,,,,,,,,,,,,,,,,,,,,,,,,,,,,,,
2/11/2026,168.1,,,,,,,,,,,,,,,,,,,,,,,,,,,,,,
1,,,,,,115x20,,,,,,,50x10,70x8,,,,,,,,,25x10,,,,,,,,
2,,,,,,135x14,,,,,,,50x10,70x8,,,,,,,,,25x10,,,,,,,,
3,,,,,,135x7,,,,,,,,,,,,,,,,,,,,,,,,,
4,,,,,,135x7,,,,,,,,,,,,,,,,,,,,,,,,,
5,,,,,,,,,,,,,,,,,,,,,,,,,,,,,,,
6,,,,,,,,,,,,,,,,,,,,,,,,,,,,,,,
dropset,,,,,,,,,,,,,,,,,,,,,,,,,,,,,,,
,,,,,,,,,,,,,,,,,,,,,,,,,,,,,,,
3/16/2026,168.7,,,,,,,,,,,,,,,,,,,,,,,,,,,,,,
1,,135x10,,,,95x16,,,,,,,,,,,,,,,,,,,,,115x10,,,,
2,,225x6,,,,135x8,,,,,,,,,,,,,,,,,,,,,130x7,,,,
3,,225x6,,,,135x8,,,,,,,,,,,,,,,,,,,,,130x7,,,,
4,,225x6,,,,135x8,,,,,,,,,,,,,,,,,,,,,115x10,,,,
5,,,,,,,,,,,,,,,,,,,,,,,,,,,,,,,
6,,,,,,,,,,,,,,,,,,,,,,,,,,,,,,,
dropset,,,,,,,,,,,,,,,,,,,,,,,,,,,,,,,
,,,,,,,,,,,,,,,,,,,,,,,,,,,,,,,
3/21/2026,169.1,,,,,,,,,,,,,,,,,,,,,,,,,,,,,,
1,,135x10,45x10,,,,,,,,,,50x10,,,,,,,,,,,,,,,45x10,,,
2,,185x8,65x8,,,,,,,,,,60x7,,,,,,,,,,,,,,,50x10,,,
3,,225x6,85x8,,,,,,,,,,60x4,,,,,,,,,,,,,,,60x7,,,
4,,275x4,85x8,,,,,,,,,,,,,,,,,,,,,,,,,50x7,,,
5,,,,,,,,,,,,,,,,,,,,,,,,,,,,,,,
6,,,,,,,,,,,,,,,,,,,,,,,,,,,,,,,
dropset,,,,,,,,,,,,,,,,,,,,,,,,,,,,,,,
,,,,,,,,,,,,,,,,,,,,,,,,,,,,,,,
3/25/2026,169.2,,,,,,,,,,,,,,,,,,,,,,,,,,,,,,
1,,135x10,,,,135x10,,,,,,,50x10,,,,,,,,,,,,,,115x10,,,,
2,,185x8,,,,155x6,,,,,,,60x7,,,,,,,,,,,,,,130x7,,,,
3,,225x6,,,,155x6,,,,,,,60x4,,,,,,,,,,,,,,130x7,,,,
4,,275x4,,,,135x8,,,,,,,,,,,,,,,,,,,,,115x10,,,,
5,,275x4,,,,,,,,,,,,,,,,,,,,,,,,,,,,,
6,,,,,,,,,,,,,,,,,,,,,,,,,,,,,,,
dropset,,,,,,,,,,,,,,,,,,,,,,,,,,,,,,,
,,,,,,,,,,,,,,,,,,,,,,,,,,,,,,,
4/1/2026,169.3,,,,,,,,,,,,,,,,,,,,,,,,,,,,,,
1,,135x10,,,,135x10,,,,,,,50x10,,,,,,,,,,25x10,,,,,,,,
2,,225x8,,,,155x6,,,,,,,60x7,,,,,,,,,,25x10,,,,,,,,
3,,275x3,,,,175x3,,,,,,,60x7,,,,,,,,,,25x10,,,,,,,,
4,,275x3,,,,175x3,,,,,,,,,,,,,,,,,,,,,,,,,
5,,295x2,,,,135x10,,,,,,,,,,,,,,,,,,,,,,,,,
6,,,,,,,,,,,,,,,,,,,,,,,,,,,,,,,
dropset,,,,,,,,,,,,,,,,,,,,,,,,,,,,,,,
,,,,,,,,,,,,,,,,,,,,,,,,,,,,,,,
4/7/2026,169.5,,,,,,,,,,,,,,,,,,,,,,,,,,,,,,
1,,135x10,,,,135x10,,,,,,,,,,,,,,,,,,,,,,,,,
2,,225x8,,,,155x8,,,,,,,,,,,,,,,,,,,,,,,,,
3,,275x3,,,,155x8,,,,,,,,,,,,,,,,,,,,,,,,,
4,,295x2,,,,,,,,,,,,,,,,,,,,,,,,,,,,,
5,,315x1,,,,,,,,,,,,,,,,,,,,,,,,,,,,,
6,,,,,,,,,,,,,,,,,,,,,,,,,,,,,,,
dropset,,,,,,,,,,,,,,,,,,,,,,,,,,,,,,,
,,,,,,,,,,,,,,,,,,,,,,,,,,,,,,,
4/8/2026,169.6,,,,,,,,,,,,,,,,,,,,,,,,,,,,,,
1,,,45x10,,,135x10,,,,,,,50x10,,,,,,,,,,,,,,115x10,,135x6,,
2,,,65x8,,,155x7,,,,,,,60x7,,,,,,,,,,,,,,130x7,,225x10,,
3,,,85x6,,,175x4,,,,,,,60x7,,,,,,,,,,,,,,130x7,,225x10,,
4,,,85x6,,,185x3,,,,,,,,,,,,,,,,,,,,,115x10,,225x10,,
5,,,,,,135x10,,,,,,,,,,,,,,,,,,,,,,,,,
6,,,,,,,,,,,,,,,,,,,,,,,,,,,,,,,
dropset,,,,,,,,,,,,,,,,,,,,,,,,,,,,,,,
,,,,,,,,,,,,,,,,,,,,,,,,,,,,,,,
4/15/2026,169.7,,,,,,,,,,,,,,,,,,,,,,,,,,,,,,
1,,135x10,,,,135x10,,,,,,,,,,,,,,,,,25x10,,,,,,,,
2,,225x8,,,,155x8,,,,,,,,,,,,,,,,,25x10,,,,,,,,
3,,275x5,,,,175x5,,,,,,,,,,,,,,,,,20x10,,,,,,,,
4,,295x3,,,,185x3,,,,,,,,,,,,,,,,,,,,,,,,,
5,,295x3,,,,135x10,,,,,,,,,,,,,,,,,,,,,,,,,
6,,,,,,,,,,,,,,,,,,,,,,,,,,,,,,,
dropset,,,,,,,,,,,,,,,,,,,,,,,,,,,,,,,
,,,,,,,,,,,,,,,,,,,,,,,,,,,,,,,
4/20/2026,169.6,,,,,,,,,,,,,,,,,,,,,,,,,,,,,,
1,,135x10,,,,135x10,,,,,,,70x7,50x10,,,,,,,,,,,,,,,,,
2,,225x8,,,,155x8,,,,,,,70x7,50x10,,,,,,,,,,,,,,,,,
3,,275x5,,,,175x5,,,,,,,,,,,,,,,,,,,,,,,,,
4,,295x2,,,,155x8,,,,,,,,,,,,,,,,,,,,,,,,,
5,,315x2,,,,155x7,,,,,,,,,,,,,,,,,,,,,,,,,
6,,,,,,,,,,,,,,,,,,,,,,,,,,,,,,,
dropset,,,,,,,,,,,,,,,,,,,,,,,,,,,,,,,
,,,,,,,,,,,,,,,,,,,,,,,,,,,,,,,
4/22/2026,169.6,,,,,,,,,,,,,,,,,,,,,,,,,,,,,,
1,,,,,,,95x10,,,,35x10,,,,,,,,10,,,80x12,,,,,,,,,
2,,,,,,,115x10,,,,35x10,,,,,,,,10,,,80x12,,,,,,,,,
3,,,,,,,115x10,,,,35x10,,,,,,,,10,,,100x7,,,,,,,,,
4,,,,,,,135x3,,,,,,,,,,,,,,,100x7,,,,,,,,,
5,,,,,,,115x5,,,,,,,,,,,,,,,,,,,,,,,,
6,,,,,,,,,,,,,,,,,,,,,,,,,,,,,,,
dropset,,,,,,,,,,,,,,,,,,,,,,,,,,,,,,,
,,,,,,,,,,,,,,,,,,,,,,,,,,,,,,,
4/27/2026,169.9,,,,,,,,,,,,,,,,,,,,,,,,,,,,,,
1,,135x10,,,,135x10,,95x10,,,,,,,,,,,,,,,,,,,,,,,
2,,225x8,,,,155x8,,,,,,,,,,,,,,,,,,,,,,,,,
3,,275x5,,,,175x5,,,,,,,,,,,,,,,,,,,,,,,,,
4,,315x2,,,,185x3,,,,,,,,,,,,,,,,,,,,,,,,,
5,,325x2,,,,195x2,,,,,,,,,,,,,,,,,,,,,,,,,
6,,,,,,135x10,,,,,,,,,,,,,,,,,,,,,,,,,
dropset,,,,,,,,,,,,,,,,,,,,,,,,,,,,,,,
,,,,,,,,,,,,,,,,,,,,,,,,,,,,,,,
4/29/2026,170.2,,,,,,,,,,,,,,,,,,,,,,,,,,,,,,
1,,,,135x10,,135x10,,95x10,,,,,,,,,,,,,,,,,,,,,,,
2,,,,225x8,,155x8,,115x7,,,,,,,,,,,,,,,,,,,,,,,
3,,,,315x4,,175x5,,,,,,,,,,,,,,,,,,,,,,,,,
4,,,,315x4,,185x4,,,,,,,,,,,,,,,,,,,,,,,,,
5,,,,,,185x4,,,,,,,,,,,,,,,,,,,,,,,,,
6,,,,,,135x10,,,,,,,,,,,,,,,,,,,,,,,,,
dropset,,,,,,,,,,,,,,,,,,,,,,,,,,,,,,,
